0.982258539458186,0.0159746760895171,0.00103062426383981,0.000368080094228504,0.000147232037691402,7.36160188457008e-05,0,0,0,0,0,0,0,0,7.36160188457008e-05,0,0,0,0,0,0,0,0,0,0,7.36160188457008e-05,0,0,0,0,0,0,0,0,0,0,0,0,0,0,0,0,0,0,0,0,0,0,0,0,0,0,0,0,0,0,0,0,0,0,0,0,0,0,0,0,0,0,0,0,0,0,0,0,0,0,0,0,0,0,0,0,0,0,0,0,0,0,0,0,0,0,0,0,0,0,0,0
0.489302584051125,0.432620172270075,0.0591831064184496,0.0115309808280078,0.00375104195609892,0.000694637399277577,0.00111141983884412,0.000694637399277577,0.000416782439566546,0.000138927479855515,0.000138927479855515,0,0.000138927479855515,0.000138927479855515,0,0,0,0,0,0,0,0,0.000138927479855515,0,0,0,0,0,0,0,0,0,0,0,0,0,0,0,0,0,0,0,0,0,0,0,0,0,0,0,0,0,0,0,0,0,0,0,0,0,0,0,0,0,0,0,0,0,0,0,0,0,0,0,0,0,0,0,0,0,0,0,0,0,0,0,0,0,0,0,0,0,0,0,0,0,0,0
0.0436055971363488,0.471526195899772,0.347380410022779,0.0946957370647576,0.0227790432801822,0.00846078750406769,0.00455580865603645,0.00211519687601692,0.00113895216400911,0.00146436706801172,0.000325414904002603,0.000325414904002603,0.000162707452001302,0,0.000325414904002603,0,0.000162707452001302,0.000325414904002603,0.000325414904002603,0,0,0,0,0,0,0,0.000162707452001302,0,0,0,0,0,0,0.000162707452001302,0,0,0,0,0,0,0,0,0,0,0,0,0,0,0,0,0,0,0,0,0,0,0,0,0,0,0,0,0,0,0,0,0,0,0,0,0,0,0,0,0,0,0,0,0,0,0,0,0,0,0,0,0,0,0,0,0,0,0,0,0,0,0,0
0.00427122263747998,0.132941804591564,0.401316960313223,0.294892329596014,0.0985940558818295,0.0355935219789998,0.0129916355223349,0.00729667200569496,0.00391528741768998,0.00142374087915999,0.00231357892863499,0.000889838049474995,0.000533902829684997,0.000533902829684997,0.000355935219789998,0.000355935219789998,0.000533902829684997,0,0.000355935219789998,0.000355935219789998,0,0.000355935219789998,0,0,0,0,0.000177967609894999,0,0,0,0,0,0,0,0,0,0,0,0,0,0,0,0,0,0,0,0,0,0,0,0,0,0,0,0,0,0,0,0,0,0,0,0,0,0,0,0,0,0,0,0,0,0,0,0,0,0,0,0,0,0,0,0,0,0,0,0,0,0,0,0,0,0,0,0,0,0,0
0.00120870265914585,0.0261885576148268,0.173045930701048,0.333199033037873,0.25,0.109991941982272,0.0447219983883965,0.024375503626108,0.0147058823529412,0.00705076551168413,0.00362610797743755,0.00261885576148268,0.00201450443190975,0.00141015310233683,0.000604351329572925,0.000604351329572925,0.00040290088638195,0.000604351329572925,0.00100725221595488,0.0008058017727639,0.00040290088638195,0.000201450443190975,0,0.00040290088638195,0,0,0.000201450443190975,0,0,0.00040290088638195,0.000201450443190975,0,0,0,0,0,0,0,0,0,0,0,0,0,0,0,0,0,0,0,0,0,0,0,0,0,0,0,0,0,0,0,0,0,0,0,0,0,0,0,0,0,0,0,0,0,0,0,0,0,0,0,0,0,0,0,0,0,0,0,0,0,0,0,0,0,0,0
0.000224668613794653,0.0105594248483487,0.0480790833520557,0.206695124691081,0.295439227139969,0.204897775780723,0.106492922938665,0.0552684789934846,0.0294315884070995,0.0148281285104471,0.00786340148281285,0.00494270950348236,0.00359469782071445,0.00269602336553583,0.00247135475174118,0.000898674455178612,0.00134801168276792,0.000674005841383959,0.00112334306897326,0.000224668613794653,0.000674005841383959,0.000224668613794653,0,0,0,0.000224668613794653,0,0.000224668613794653,0,0.000224668613794653,0,0.000449337227589306,0,0.000224668613794653,0,0,0,0,0,0,0,0,0,0,0,0,0,0,0,0,0,0,0,0,0,0,0,0,0,0,0,0,0,0,0,0,0,0,0,0,0,0,0,0,0,0,0,0,0,0,0,0,0,0,0,0,0,0,0,0,0,0,0,0,0,0,0,0
0.000237868696479543,0.0016650808753568,0.021883920076118,0.0837297811607992,0.203615604186489,0.249048525214082,0.201950523311132,0.100618458610847,0.0554234062797336,0.0252140818268316,0.0197431018078021,0.0088011417697431,0.00784966698382493,0.00499524262607041,0.00285442435775452,0.00333016175071361,0.00333016175071361,0.000475737392959087,0.000475737392959087,0.00071360608943863,0.0016650808753568,0.000475737392959087,0,0.000237868696479543,0.00071360608943863,0.000237868696479543,0,0.000237868696479543,0,0,0.000237868696479543,0,0,0,0,0.000237868696479543,0,0,0,0,0,0,0,0,0,0,0,0,0,0,0,0,0,0,0,0,0,0,0,0,0,0,0,0,0,0,0,0,0,0,0,0,0,0,0,0,0,0,0,0,0,0,0,0,0,0,0,0,0,0,0,0,0,0,0,0,0,0
0.000252334090335604,0.00126167045167802,0.0111026999747666,0.0348221044663134,0.0898309361594751,0.210194297249558,0.212465304062579,0.172596517789553,0.0979056270502145,0.0630835225839011,0.0320464294726217,0.0209437294978552,0.0151400454201363,0.00857935907141055,0.00757002271006813,0.00504668180671209,0.00378501135503407,0.00151400454201363,0.00176633863234923,0.00252334090335604,0.00126167045167802,0.00151400454201363,0.00151400454201363,0.000757002271006813,0.000252334090335604,0,0.000252334090335604,0.000504668180671209,0,0.000252334090335604,0.000252334090335604,0.000252334090335604,0,0.000252334090335604,0,0,0,0.000252334090335604,0,0.000252334090335604,0,0,0,0,0,0,0,0,0,0,0,0,0,0,0,0,0,0,0,0,0,0,0,0,0,0,0,0,0,0,0,0,0,0,0,0,0,0,0,0,0,0,0,0,0,0,0,0,0,0,0,0,0,0,0,0,0,0
0,0.000524383848977452,0.00524383848977452,0.0173046670162559,0.0385422128998427,0.0899318300996329,0.20582066072365,0.196381751442056,0.161772417409544,0.0964866282118511,0.0639748295752491,0.0356581017304667,0.0230728893550079,0.0146827477713686,0.0128474042999476,0.00891452543261667,0.00550603041426324,0.00498164656528579,0.00445726271630834,0.00157315154693235,0.00314630309386471,0.0010487676979549,0.00131095962244363,0.00183534347142108,0.00131095962244363,0.000524383848977452,0.00131095962244363,0.000524383848977452,0,0,0.000262191924488726,0,0.000262191924488726,0,0.000524383848977452,0,0,0,0,0,0,0,0.000262191924488726,0,0,0,0,0,0,0,0,0,0,0,0,0,0,0,0,0,0,0,0,0,0,0,0,0,0,0,0,0,0,0,0,0,0,0,0,0,0,0,0,0,0,0,0,0,0,0,0,0,0,0,0,0,0,0
0,0.000560381059120202,0.00336228635472121,0.00980666853460353,0.0274586718968899,0.0479125805547772,0.0980666853460353,0.186326702157467,0.183244606332306,0.150462314373774,0.0966657326982348,0.063883440739703,0.0358643877836929,0.0268982908377697,0.0151302885962454,0.0120481927710843,0.0106472401232838,0.00336228635472121,0.00588400112076212,0.00336228635472121,0.00224152423648081,0.00252171476604091,0.00252171476604091,0.000840571588680303,0.00168114317736061,0.0014009526478005,0.000280190529560101,0.00196133370692071,0.0011207621182404,0.0014009526478005,0.000840571588680303,0.000280190529560101,0,0,0,0,0,0.000280190529560101,0.000840571588680303,0.000280190529560101,0,0,0.000280190529560101,0.000280190529560101,0,0,0,0,0,0,0,0,0,0,0,0,0,0,0,0,0,0,0,0,0,0,0,0,0,0,0,0,0,0,0,0,0,0,0,0,0,0,0,0,0,0,0,0,0,0,0,0,0,0,0,0,0,0
0.0002963841138115,0.000592768227622999,0.002963841138115,0.0044457617071725,0.0133372851215175,0.027267338470658,0.0545346769413159,0.109069353882632,0.2036158861885,0.169828097213989,0.121221102548903,0.0927682276229994,0.0512744516893894,0.032602252519265,0.024303497332543,0.020746887966805,0.0115589804386485,0.01185536455246,0.00859513930053349,0.00740960284528749,0.00533491404860699,0.003556609365738,0.00474214582098399,0.002963841138115,0.0032602252519265,0.001185536455246,0.002371072910492,0.003556609365738,0.0020746887966805,0.000592768227622999,0,0.0002963841138115,0.0002963841138115,0.0002963841138115,0,0,0.0002963841138115,0,0,0,0,0,0.0002963841138115,0.0002963841138115,0,0,0,0,0.0002963841138115,0,0,0,0,0,0,0,0,0,0,0,0,0,0,0,0,0,0,0,0,0,0,0,0,0,0,0,0,0,0,0,0,0,0,0,0,0,0,0,0,0,0,0,0,0,0,0,0,0
0,0.000315756236185665,0.000631512472371329,0.00410483107041364,0.0116829807388696,0.0189453741711399,0.0334701610356805,0.0599936848752763,0.100726239343227,0.183770129460057,0.160088411746132,0.126934006946637,0.0880959898958004,0.052731291443006,0.0401010419955794,0.0309441111461951,0.0176823492263972,0.0161035680454689,0.00884117461319861,0.00947268708556994,0.0053678560151563,0.00568361225134196,0.0053678560151563,0.00315756236185665,0.00221029365329965,0.00189453741711399,0.00157878118092832,0.00189453741711399,0.000631512472371329,0.00221029365329965,0.000631512472371329,0.00126302494474266,0.000315756236185665,0.000315756236185665,0.000947268708556994,0,0,0.000315756236185665,0.000315756236185665,0,0,0,0.000315756236185665,0.000315756236185665,0,0,0,0,0.000315756236185665,0,0,0,0,0,0,0.000315756236185665,0,0,0,0,0,0,0,0,0,0,0,0,0,0,0,0,0,0,0,0,0,0,0,0,0,0,0,0,0,0,0,0,0,0,0,0,0,0,0,0,0,0
0,0,0.00169836956521739,0.00339673913043478,0.0047554347826087,0.0105298913043478,0.0203804347826087,0.0349864130434783,0.0614809782608696,0.106997282608696,0.172214673913043,0.151834239130435,0.109035326086957,0.0791440217391304,0.0594429347826087,0.0387228260869565,0.03125,0.0217391304347826,0.0193614130434783,0.0122282608695652,0.0125679347826087,0.00713315217391304,0.0078125,0.00849184782608696,0.00611413043478261,0.00407608695652174,0.00203804347826087,0.00339673913043478,0.00101902173913043,0.000679347826086957,0.00169836956521739,0.000339673913043478,0.000679347826086957,0.00101902173913043,0.000339673913043478,0.00169836956521739,0,0,0.000339673913043478,0,0,0.000339673913043478,0,0.000339673913043478,0.000339673913043478,0,0,0,0,0,0,0,0,0,0,0,0,0,0,0,0,0,0,0,0,0.000339673913043478,0,0,0,0,0,0,0,0,0,0,0,0,0,0,0,0,0,0,0,0,0,0,0,0,0,0,0,0,0,0,0,0
0.00035498757543486,0,0,0.00248491302804402,0.00461483848065318,0.0106496272630458,0.015264465743699,0.0280440184593539,0.0401135960241392,0.0653177138800142,0.115725949591764,0.16506922257721,0.134540291089812,0.111821086261981,0.0756123535676251,0.0511182108626198,0.0472133475328364,0.0266240681576145,0.0205892793752219,0.0134895278665247,0.0145544905928293,0.00922967696130635,0.0113596024139155,0.00567980120695776,0.00319488817891374,0.00425985090521832,0.00319488817891374,0.00319488817891374,0.00248491302804402,0.00248491302804402,0.00248491302804402,0.00070997515086972,0.00141995030173944,0.00141995030173944,0.00035498757543486,0.00106496272630458,0.00035498757543486,0.00035498757543486,0.00070997515086972,0.00035498757543486,0.00035498757543486,0,0.00035498757543486,0,0,0.00070997515086972,0,0,0,0.00070997515086972,0,0.00035498757543486,0,0,0,0,0,0,0,0,0,0,0,0,0,0,0,0,0,0,0,0,0,0,0,0,0,0,0,0,0,0,0,0,0,0,0,0,0,0,0,0,0,0,0,0,0,0
0,0,0.000738007380073801,0.000738007380073801,0.00516605166051661,0.0044280442804428,0.0107011070110701,0.022140221402214,0.0321033210332103,0.0501845018450185,0.0715867158671587,0.114760147601476,0.1690036900369,0.12140221402214,0.0900369003690037,0.0675276752767528,0.0597785977859779,0.0420664206642066,0.0287822878228782,0.0225092250922509,0.0166051660516605,0.014760147601476,0.0107011070110701,0.00848708487084871,0.0040590405904059,0.00553505535055351,0.0033210332103321,0.0040590405904059,0.0033210332103321,0.0025830258302583,0.0022140221402214,0.0033210332103321,0.0011070110701107,0.0011070110701107,0.000738007380073801,0,0.0011070110701107,0.0003690036900369,0.000738007380073801,0,0.0003690036900369,0,0,0.0003690036900369,0.000738007380073801,0,0,0,0,0,0,0,0,0,0,0.0003690036900369,0,0,0,0,0,0,0,0,0,0.0003690036900369,0,0,0,0,0,0,0,0,0,0,0,0,0,0,0,0,0,0,0,0,0,0,0,0,0,0,0,0,0,0,0,0
0,0,0.000793965859468043,0.00238189757840413,0.00396982929734021,0.00476379515680826,0.00952759031361651,0.0138944025406908,0.0250099245732434,0.037713378324732,0.0488289003572846,0.0702659785629218,0.104406510520048,0.154426359666534,0.112743152044462,0.0909090909090909,0.0706629614926558,0.0524017467248908,0.0396982929734021,0.036919412465264,0.0198491464867011,0.0150853513298928,0.017864231838031,0.0150853513298928,0.00793965859468043,0.00635172687574434,0.0055577610162763,0.00436681222707424,0.00317586343787217,0.00277888050813815,0.00158793171893609,0.0055577610162763,0.00198491464867011,0.00357284636760619,0.00119094878920206,0.000793965859468043,0,0.000396982929734021,0.00119094878920206,0.00119094878920206,0.00158793171893609,0.000793965859468043,0.000396982929734021,0,0.000396982929734021,0,0.000396982929734021,0,0,0.000396982929734021,0,0,0,0,0.000396982929734021,0,0,0,0,0,0,0,0.000396982929734021,0,0,0,0,0,0,0,0,0.000396982929734021,0,0,0,0,0,0,0,0,0,0,0,0,0,0,0,0,0,0,0,0,0,0,0,0,0,0
0,0,0,0,0.000818665575112567,0.0024559967253377,0.00941465411379452,0.0098239869013508,0.0147359803520262,0.0225133033155956,0.0380679492427343,0.04625460499386,0.065083913221449,0.116250511665984,0.17069177241097,0.0978305362259517,0.0724519033974621,0.067949242734343,0.0528039295947605,0.0372492836676218,0.0335652885796152,0.0270159639787147,0.021694637740483,0.015963978714695,0.0147359803520262,0.00777732296356938,0.00695865738845682,0.00654932460090053,0.0049119934506754,0.0073679901760131,0.00286532951289398,0.00368399508800655,0.00286532951289398,0.0024559967253377,0.00122799836266885,0.00163733115022513,0.000818665575112567,0.00204666393778142,0.00204666393778142,0.000818665575112567,0.00204666393778142,0.000818665575112567,0.000409332787556283,0.000818665575112567,0,0.00122799836266885,0.000409332787556283,0.000409332787556283,0,0.000409332787556283,0,0.000409332787556283,0,0.000409332787556283,0,0.000409332787556283,0.000409332787556283,0,0,0,0,0,0,0,0,0,0,0,0,0,0,0.000409332787556283,0,0,0,0,0,0,0,0,0,0,0,0,0,0,0,0,0,0,0,0,0,0,0,0,0,0
0,0,0,0,0.00257289879931389,0.00214408233276158,0.00428816466552316,0.0102915951972556,0.0111492281303602,0.0184391080617496,0.0274442538593482,0.0338765008576329,0.0480274442538593,0.0711835334476844,0.110205831903945,0.152229845626072,0.114493996569468,0.0879073756432247,0.0613207547169811,0.0467409948542024,0.0377358490566038,0.0270154373927959,0.0227272727272727,0.0205831903945112,0.0141509433962264,0.0102915951972556,0.0120068610634648,0.00728987993138937,0.00686106346483705,0.00514579759862779,0.00385934819897084,0.00514579759862779,0.00214408233276158,0.00385934819897084,0.00300171526586621,0.00214408233276158,0.00171526586620926,0.000428816466552316,0.000428816466552316,0.00128644939965695,0.00128644939965695,0.00128644939965695,0.00171526586620926,0.00128644939965695,0.000428816466552316,0.000428816466552316,0.000428816466552316,0.000428816466552316,0.000428816466552316,0.000428816466552316,0.000428816466552316,0,0,0,0,0.000428816466552316,0,0.000428816466552316,0,0,0,0,0,0,0,0,0,0,0,0,0,0,0,0,0,0,0,0,0,0,0,0,0.000428816466552316,0,0,0,0,0,0,0,0,0,0,0,0,0,0,0
0,0,0,0.00043859649122807,0.00043859649122807,0.00263157894736842,0.00219298245614035,0.00657894736842105,0.00570175438596491,0.0135964912280702,0.0223684210526316,0.0263157894736842,0.0394736842105263,0.0517543859649123,0.062280701754386,0.107894736842105,0.13640350877193,0.114035087719298,0.0723684210526316,0.0662280701754386,0.043421052631579,0.0425438596491228,0.0350877192982456,0.0232456140350877,0.0219298245614035,0.0192982456140351,0.0135964912280702,0.0100877192982456,0.0100877192982456,0.00701754385964912,0.00614035087719298,0.00657894736842105,0.00657894736842105,0.00394736842105263,0.00394736842105263,0.00175438596491228,0.00131578947368421,0.00131578947368421,0.00175438596491228,0.00043859649122807,0.00043859649122807,0.00087719298245614,0,0.00043859649122807,0.00131578947368421,0.00087719298245614,0.00131578947368421,0.00043859649122807,0,0,0,0.00043859649122807,0.00043859649122807,0,0,0,0.00087719298245614,0.00043859649122807,0,0.00043859649122807,0,0.00043859649122807,0.00043859649122807,0,0,0,0,0,0,0,0,0,0,0,0,0,0,0,0,0,0,0,0,0,0,0,0,0,0,0,0,0,0,0,0,0,0,0
0,0,0,0.000459981600735971,0.000459981600735971,0.00137994480220791,0.00229990800367985,0.00459981600735971,0.00919963201471941,0.0114995400183993,0.015639374425023,0.0206991720331187,0.0294388224471021,0.0354185832566697,0.0510579576816927,0.062097516099356,0.104415823367065,0.143514259429623,0.118215271389144,0.0699172033118675,0.0478380864765409,0.0496780128794848,0.0395584176632935,0.031278748850046,0.0266789328426863,0.0220791168353266,0.0197792088316467,0.0133394664213431,0.00965961361545538,0.0114995400183993,0.00873965041398344,0.00551977920883165,0.00275988960441582,0.00321987120515179,0.00413983440662373,0.00413983440662373,0.00413983440662373,0.000919963201471941,0.00229990800367985,0.000459981600735971,0.000459981600735971,0.000919963201471941,0.00229990800367985,0.000919963201471941,0.000919963201471941,0.00137994480220791,0.000459981600735971,0.000459981600735971,0.000459981600735971,0.000919963201471941,0.000459981600735971,0.000459981600735971,0.000459981600735971,0.000459981600735971,0,0.000919963201471941,0,0,0,0,0,0,0,0,0,0,0,0,0,0,0,0,0,0,0,0,0,0,0,0,0,0,0,0,0,0,0,0,0,0,0,0,0,0,0,0,0,0
0,0,0,0.000478927203065134,0,0.000478927203065134,0.0014367816091954,0.000957854406130268,0.00766283524904215,0.00718390804597701,0.00814176245210728,0.0134099616858238,0.0263409961685824,0.032088122605364,0.0330459770114943,0.0545977011494253,0.0646551724137931,0.102011494252874,0.138888888888889,0.104885057471264,0.0852490421455939,0.0651340996168582,0.0450191570881226,0.0378352490421456,0.0301724137931034,0.0210727969348659,0.0172413793103448,0.0148467432950192,0.0134099616858238,0.0119731800766284,0.00574712643678161,0.0114942528735632,0.00574712643678161,0.00431034482758621,0.00478927203065134,0.00383141762452107,0.00335249042145594,0.00335249042145594,0.00191570881226054,0.00191570881226054,0.000957854406130268,0.000957854406130268,0.0014367816091954,0,0.00239463601532567,0,0,0.000478927203065134,0.00239463601532567,0.0014367816091954,0.000957854406130268,0.000478927203065134,0.000478927203065134,0,0.000478927203065134,0,0,0,0.000478927203065134,0.000478927203065134,0.000478927203065134,0.000478927203065134,0,0,0,0,0,0.000478927203065134,0,0,0,0,0,0,0,0,0.000478927203065134,0,0,0,0,0,0,0,0,0,0,0,0,0,0,0,0,0,0,0,0,0
0,0,0,0,0.000476871721506915,0.000953743443013829,0.00143061516452074,0.00476871721506915,0.00429184549356223,0.00715307582260372,0.0104911778731521,0.0104911778731521,0.0157367668097282,0.0247973295183596,0.0338578922269909,0.0362422508345255,0.0515021459227468,0.0538865045302814,0.103004291845494,0.141154029566047,0.105388650453028,0.0901287553648069,0.0529327610872675,0.039103481163567,0.0295660467334287,0.0295660467334287,0.0247973295183596,0.0181211254172628,0.0152598950882213,0.0181211254172628,0.0104911778731521,0.0133524082021936,0.011444921316166,0.00619933237958989,0.00476871721506915,0.00476871721506915,0.00476871721506915,0.00238435860753457,0.00143061516452074,0.00190748688602766,0.00143061516452074,0.00190748688602766,0.00190748688602766,0.00143061516452074,0.00143061516452074,0.000953743443013829,0.000953743443013829,0,0.000953743443013829,0,0.000953743443013829,0.000476871721506915,0.000476871721506915,0.000476871721506915,0,0.000476871721506915,0.000476871721506915,0,0,0,0,0.000476871721506915,0.000476871721506915,0,0,0,0,0,0,0,0,0,0,0,0,0,0,0,0,0,0,0,0,0,0,0,0,0,0,0,0,0,0,0,0,0,0,0
0,0,0,0,0.000478697941598851,0,0.000957395883197702,0.00239348970799426,0.00287218764959311,0.00574437529918621,0.00813786500718047,0.0138822403063667,0.0177118238391575,0.0172331258975586,0.0287218764959311,0.0335088559119196,0.0378171373863092,0.057922450933461,0.0612733365246529,0.0990904739109622,0.128291048348492,0.0928674006701771,0.0823360459550024,0.0550502632838679,0.0325514600287219,0.0382958353279081,0.0311153662039253,0.0201053135471517,0.0196266156055529,0.0138822403063667,0.0143609382479655,0.0110100526567736,0.0105313547151747,0.00622307324078506,0.00670177118238392,0.00909526089037817,0.00335088559119196,0.00574437529918621,0.00622307324078506,0.00239348970799426,0.00382958353279081,0.00287218764959311,0.0019147917663954,0.00287218764959311,0.000957395883197702,0.000478697941598851,0.000478697941598851,0.000478697941598851,0.00143609382479655,0.0019147917663954,0.000478697941598851,0.000478697941598851,0,0,0,0.000957395883197702,0.000957395883197702,0.000478697941598851,0,0.000478697941598851,0.000478697941598851,0,0.000478697941598851,0,0,0,0,0.000478697941598851,0,0,0,0,0,0,0,0,0,0,0,0,0,0,0,0,0,0,0,0,0,0,0,0,0,0,0,0,0,0
0,0,0,0.000509943906170321,0,0.00101988781234064,0.00203977562468129,0.00152983171851096,0.00407955124936257,0.00101988781234064,0.00407955124936257,0.00509943906170321,0.0137684854665987,0.014278429372769,0.0209077001529832,0.0229474757776645,0.0295767465578786,0.0356960734319225,0.0474247832738399,0.0647628760836308,0.100458949515553,0.124936257011729,0.102498725140235,0.0917899031106578,0.0530341662417134,0.0453850076491586,0.0326364099949006,0.0234574196838348,0.0239673635900051,0.0168281489036206,0.0173380928097909,0.0147883732789393,0.0152983171851096,0.0101988781234064,0.00866904640489546,0.00305966343702193,0.00917899031106578,0.00764915859255482,0.00254971953085161,0.00407955124936257,0.00611932687404386,0.00305966343702193,0.00152983171851096,0.00101988781234064,0.00152983171851096,0.00203977562468129,0.00152983171851096,0.000509943906170321,0.00101988781234064,0.00101988781234064,0,0,0.000509943906170321,0,0.00101988781234064,0,0.000509943906170321,0,0.000509943906170321,0,0.000509943906170321,0.000509943906170321,0,0,0,0,0,0,0,0,0,0.000509943906170321,0,0,0,0,0,0,0,0,0,0,0,0,0,0,0,0,0,0,0,0,0,0,0,0,0,0
0,0,0,0.000559597090095132,0,0,0.00391717963066592,0.00167879127028539,0.00167879127028539,0.00279798545047566,0.0089535534415221,0.00391717963066592,0.00783435926133184,0.0100727476217124,0.0246222719641858,0.0201454952434247,0.021264689423615,0.0263010632344712,0.0352546166759933,0.0503637381085618,0.0559597090095132,0.100727476217124,0.141018466703973,0.101287073307219,0.0665920537213207,0.050923335198657,0.0520425293788472,0.0229434806939004,0.0274202574146614,0.0179071068830442,0.021264689423615,0.0134303301622832,0.0145495243424734,0.0106323447118075,0.0100727476217124,0.00559597090095131,0.00447677672076105,0.00615556799104645,0.00559597090095131,0.00503637381085618,0.00447677672076105,0.00335758254057079,0.00391717963066592,0.00503637381085618,0.00223838836038053,0.00335758254057079,0.00335758254057079,0.00223838836038053,0.00223838836038053,0.00335758254057079,0.000559597090095132,0.000559597090095132,0.00223838836038053,0,0.00111919418019026,0.00111919418019026,0.00279798545047566,0.000559597090095132,0.00223838836038053,0,0,0,0,0.000559597090095132,0,0,0.00111919418019026,0,0,0.000559597090095132,0,0,0,0,0,0,0,0,0,0,0,0,0,0,0,0,0,0,0,0,0,0,0,0,0,0,0,0
0,0,0,0,0,0.000591016548463357,0.00177304964539007,0.000591016548463357,0.0041371158392435,0.00354609929078014,0.00531914893617021,0.00177304964539007,0.00531914893617021,0.0106382978723404,0.0141843971631206,0.0124113475177305,0.0183215130023641,0.0141843971631206,0.0431442080378251,0.0366430260047281,0.0520094562647754,0.0650118203309693,0.0957446808510638,0.125295508274232,0.0880614657210402,0.074468085106383,0.0585106382978723,0.0425531914893617,0.0325059101654846,0.024822695035461,0.0283687943262411,0.0200945626477541,0.0206855791962175,0.0130023640661939,0.0106382978723404,0.00709219858156028,0.00531914893617021,0.0100472813238771,0.00177304964539007,0.0100472813238771,0.0041371158392435,0.0041371158392435,0.00177304964539007,0.00236406619385343,0.00295508274231678,0.00472813238770686,0.00295508274231678,0.00118203309692671,0.00118203309692671,0.00177304964539007,0.000591016548463357,0.000591016548463357,0.0041371158392435,0.00118203309692671,0,0.00118203309692671,0,0,0.000591016548463357,0.000591016548463357,0,0.000591016548463357,0.000591016548463357,0.000591016548463357,0.000591016548463357,0,0,0.000591016548463357,0,0,0.00118203309692671,0.000591016548463357,0.000591016548463357,0,0,0,0,0,0,0,0,0,0,0,0,0,0,0,0,0,0,0,0,0,0,0,0,0
0,0,0,0.000578368999421631,0,0,0,0.00115673799884326,0.00404858299595142,0.00289184499710815,0.000578368999421631,0.00347021399652979,0.0075187969924812,0.0133024869866975,0.00983227299016773,0.0185078079814922,0.0150375939849624,0.0260266049739734,0.0196645459803355,0.0289184499710816,0.037593984962406,0.0416425679583574,0.0682475419317525,0.0948525159051475,0.133603238866397,0.0832851359167149,0.0699826489300173,0.043956043956044,0.0410641989589358,0.0381723539618276,0.026604973973395,0.0196645459803355,0.0208212839791787,0.0144592249855408,0.0121457489878543,0.0127241179872759,0.0121457489878543,0.015615962984384,0.00636205899363794,0.00867553499132447,0.00289184499710815,0.00809716599190283,0.00462695199537305,0.00636205899363794,0.00462695199537305,0.00289184499710815,0.00231347599768652,0,0,0,0.00173510699826489,0.00173510699826489,0.00231347599768652,0.000578368999421631,0.00173510699826489,0.000578368999421631,0,0.00173510699826489,0.000578368999421631,0.000578368999421631,0,0,0,0.000578368999421631,0.000578368999421631,0.000578368999421631,0,0.000578368999421631,0,0,0,0,0,0,0.000578368999421631,0,0,0,0,0,0,0,0.000578368999421631,0,0,0,0,0,0,0,0,0,0,0,0,0,0,0
0,0,0,0.000636132315521629,0,0.000636132315521629,0,0.00127226463104326,0.00254452926208651,0.00254452926208651,0.00254452926208651,0.00636132315521628,0.00699745547073791,0.0114503816793893,0.00572519083969466,0.0114503816793893,0.0127226463104326,0.017175572519084,0.0216284987277354,0.022264631043257,0.0298982188295165,0.0438931297709924,0.0521628498727735,0.066793893129771,0.0954198473282443,0.120865139949109,0.0820610687022901,0.071882951653944,0.044529262086514,0.0375318066157761,0.0324427480916031,0.0324427480916031,0.0229007633587786,0.0165394402035623,0.0184478371501272,0.0190839694656489,0.0089058524173028,0.0133587786259542,0.00572519083969466,0.00826972010178117,0.00954198473282443,0.0044529262086514,0.00826972010178117,0.0044529262086514,0.00318066157760814,0.00318066157760814,0.00254452926208651,0.000636132315521629,0.00127226463104326,0.00190839694656489,0.000636132315521629,0.000636132315521629,0.000636132315521629,0.00127226463104326,0.000636132315521629,0,0.00127226463104326,0,0,0.00127226463104326,0,0,0,0.000636132315521629,0.00127226463104326,0,0.000636132315521629,0,0.00127226463104326,0,0,0,0.000636132315521629,0.000636132315521629,0,0,0,0,0,0,0,0,0,0,0,0,0,0,0,0,0,0,0,0,0,0,0,0
0,0,0,0,0,0,0,0.000631313131313131,0.00126262626262626,0.000631313131313131,0.00252525252525253,0.00315656565656566,0.00378787878787879,0.00820707070707071,0.00883838383838384,0.0113636363636364,0.0151515151515152,0.00883838383838384,0.0189393939393939,0.0189393939393939,0.0246212121212121,0.0347222222222222,0.0340909090909091,0.0441919191919192,0.0599747474747475,0.0883838383838384,0.138888888888889,0.0763888888888889,0.0618686868686869,0.047979797979798,0.0378787878787879,0.0366161616161616,0.0321969696969697,0.0284090909090909,0.0183080808080808,0.0189393939393939,0.0195707070707071,0.0119949494949495,0.00441919191919192,0.0107323232323232,0.00694444444444444,0.00631313131313131,0.00694444444444444,0.00883838383838384,0.00694444444444444,0.00441919191919192,0.00315656565656566,0.00505050505050505,0.00126262626262626,0.00126262626262626,0.00315656565656566,0.000631313131313131,0.00189393939393939,0.00126262626262626,0,0,0.00126262626262626,0,0.00189393939393939,0.00126262626262626,0.00189393939393939,0,0.00126262626262626,0,0,0.000631313131313131,0,0,0,0,0.000631313131313131,0.000631313131313131,0,0,0,0,0,0,0,0,0,0,0,0,0,0,0,0,0,0,0,0,0,0,0,0,0,0
0,0,0,0,0,0.000672494956287828,0.000672494956287828,0.000672494956287828,0.000672494956287828,0.00268997982515131,0.00268997982515131,0.00403496973772697,0.00268997982515131,0.0047074646940148,0.00941492938802959,0.0100874243443174,0.0100874243443174,0.0121049092131809,0.01546738399462,0.019502353732347,0.0201748486886348,0.0289172831203766,0.034969737726967,0.0316072629455279,0.0457296570275723,0.0578345662407532,0.0948217888365837,0.129119031607263,0.0907868190988568,0.0719569603227976,0.0396772024209818,0.034969737726967,0.0309347679892401,0.0168123739071957,0.0295897780766644,0.0181573638197714,0.023537323470074,0.0141223940820444,0.00537995965030262,0.0100874243443174,0.00941492938802959,0.00403496973772697,0.0100874243443174,0.00672494956287828,0.00537995965030262,0.0047074646940148,0.00672494956287828,0.00134498991257566,0.00336247478143914,0.00336247478143914,0.0047074646940148,0.00201748486886348,0.00268997982515131,0.000672494956287828,0,0.00201748486886348,0.00134498991257566,0.000672494956287828,0.000672494956287828,0,0.00134498991257566,0.00134498991257566,0.000672494956287828,0.000672494956287828,0,0,0.000672494956287828,0,0,0,0,0,0,0,0,0,0,0,0,0,0,0,0,0,0,0,0,0,0,0,0,0,0,0,0,0,0,0
0,0,0,0.000707714083510262,0,0,0,0,0.000707714083510262,0.00212314225053079,0.00353857041755131,0.000707714083510262,0.00424628450106157,0.0056617126680821,0.00636942675159236,0.00778485491861288,0.0120311394196745,0.00990799716914367,0.0205237084217976,0.0127388535031847,0.0212314225053079,0.0247699929228592,0.0290162774239207,0.0304317055909413,0.0389242745930644,0.0360934182590234,0.0474168435951875,0.0856334041047417,0.123849964614296,0.0750176928520878,0.059447983014862,0.0424628450106157,0.0396319886765747,0.0304317055909413,0.0276008492569002,0.0261854210898797,0.0219391365888181,0.0191082802547771,0.0113234253361642,0.0148619957537155,0.0127388535031847,0.0127388535031847,0.00778485491861288,0.0148619957537155,0.0092002830856334,0.0056617126680821,0.00707714083510262,0.00636942675159236,0.00707714083510262,0.00141542816702052,0.00283085633404105,0.00212314225053079,0.000707714083510262,0.00141542816702052,0.00353857041755131,0.00141542816702052,0.000707714083510262,0.00212314225053079,0.00141542816702052,0.00283085633404105,0.000707714083510262,0,0,0,0.00141542816702052,0,0.000707714083510262,0,0,0,0,0.000707714083510262,0,0,0,0,0,0,0,0,0,0,0,0,0,0,0,0,0,0,0,0,0,0,0,0,0,0
0,0,0,0.000698812019566737,0,0,0,0.000698812019566737,0,0.000698812019566737,0,0.00279524807826695,0.00139762403913347,0.00279524807826695,0.010482180293501,0.00349406009783368,0.0118798043326345,0.00838574423480084,0.00908455625436757,0.0153738644304682,0.0181691125087351,0.0216631726065688,0.023759608665269,0.026554856743536,0.0328441649196366,0.0349406009783368,0.0461215932914046,0.0496156533892383,0.0992313067784766,0.139762403913347,0.0782669461914745,0.0621942697414396,0.039832285115304,0.0300489168413697,0.0300489168413697,0.0251572327044025,0.0272536687631027,0.0188679245283019,0.0146750524109015,0.0118798043326345,0.0125786163522013,0.00838574423480084,0.0111809923130678,0.010482180293501,0.00349406009783368,0.00628930817610063,0.00628930817610063,0.00489168413696716,0.00489168413696716,0.00489168413696716,0.00139762403913347,0.000698812019566737,0.00279524807826695,0.00419287211740042,0.00209643605870021,0.00209643605870021,0.00209643605870021,0.000698812019566737,0.00139762403913347,0.000698812019566737,0.00139762403913347,0.00139762403913347,0.00139762403913347,0.000698812019566737,0.00139762403913347,0,0.000698812019566737,0,0,0,0.000698812019566737,0,0,0,0,0,0.000698812019566737,0.000698812019566737,0,0,0.000698812019566737,0,0,0,0,0,0,0,0,0,0,0,0,0,0,0,0,0
0,0,0,0,0,0,0,0,0,0.000733675715333822,0.00220102714600147,0.00220102714600147,0.000733675715333822,0.00293470286133529,0.000733675715333822,0.00366837857666911,0.00880410858400587,0.0117388114453412,0.012472487160675,0.0110051357300073,0.0110051357300073,0.0176082171680117,0.0234776228906823,0.020542920029347,0.0293470286133529,0.0308143800440205,0.0366837857666911,0.0469552457813646,0.0528246515040352,0.086573734409391,0.110051357300073,0.0674981658107117,0.0689655172413793,0.0388848129126926,0.0396184886280264,0.0352164343360235,0.0344827586206897,0.0300807043286867,0.0176082171680117,0.0168745414526779,0.0183418928833456,0.0139398385913426,0.0132061628760088,0.0132061628760088,0.00807043286867205,0.00366837857666911,0.00513573000733676,0.00440205429200293,0.0066030814380044,0.0066030814380044,0.00366837857666911,0.00220102714600147,0.00146735143066764,0.00440205429200293,0.00146735143066764,0.000733675715333822,0.00293470286133529,0.000733675715333822,0.00146735143066764,0.00220102714600147,0.000733675715333822,0.00220102714600147,0.00146735143066764,0.00440205429200293,0,0,0.000733675715333822,0.000733675715333822,0.000733675715333822,0,0,0,0.000733675715333822,0,0,0.000733675715333822,0.000733675715333822,0,0,0,0,0,0,0,0,0,0,0,0,0,0,0,0,0,0,0,0,0
0,0,0,0,0,0,0,0.000749625187406297,0.000749625187406297,0,0.00149925037481259,0.00299850074962519,0.00149925037481259,0.00374812593703148,0.00524737631184408,0.00449775112443778,0.00374812593703148,0.00749625187406297,0.0112443778110945,0.00749625187406297,0.00899550224887556,0.0112443778110945,0.0149925037481259,0.02023988005997,0.0194902548725637,0.0299850074962519,0.0284857571214393,0.0382308845577211,0.0419790104947526,0.055472263868066,0.0892053973013493,0.132683658170915,0.0772113943028486,0.0614692653673163,0.0487256371814093,0.035232383808096,0.0307346326836582,0.0232383808095952,0.0232383808095952,0.0187406296851574,0.0179910044977511,0.0179910044977511,0.0134932533733133,0.00824587706146927,0.0104947526236882,0.00974512743628186,0.00899550224887556,0.00599700149925037,0.00974512743628186,0.00524737631184408,0.00524737631184408,0.00299850074962519,0.00449775112443778,0.00224887556221889,0.00224887556221889,0.00149925037481259,0.00374812593703148,0,0.00149925037481259,0.000749625187406297,0,0.000749625187406297,0.00149925037481259,0,0.000749625187406297,0,0.000749625187406297,0,0,0.00149925037481259,0,0,0,0,0,0.000749625187406297,0,0,0,0,0,0,0,0,0.000749625187406297,0,0,0,0,0,0,0,0,0,0,0,0,0
0,0,0,0,0,0.000758150113722517,0,0,0,0.00151630022744503,0.000758150113722517,0.00151630022744503,0.00151630022744503,0.00379075056861259,0.000758150113722517,0.00227445034116755,0.00530705079605762,0.00530705079605762,0.0090978013646702,0.00758150113722517,0.0090978013646702,0.0121304018195603,0.0136467020470053,0.0159211523881729,0.0151630022744503,0.0189537528430629,0.0318423047763457,0.0295678544351782,0.0356330553449583,0.0416982562547384,0.0568612585291888,0.0773313115996967,0.0993176648976497,0.0788476118271418,0.0970432145564822,0.0356330553449583,0.0363912054586808,0.0303260045489007,0.0333586050037908,0.0250189537528431,0.0265352539802881,0.0136467020470053,0.0113722517058378,0.0136467020470053,0.0136467020470053,0.0113722517058378,0.0121304018195603,0.0113722517058378,0.00758150113722517,0.00530705079605762,0.00530705079605762,0.0045489006823351,0.00379075056861259,0.00151630022744503,0.00379075056861259,0.00227445034116755,0,0.00151630022744503,0.000758150113722517,0,0.00227445034116755,0.000758150113722517,0.000758150113722517,0.00303260045489007,0.00151630022744503,0,0.000758150113722517,0,0.00151630022744503,0,0.000758150113722517,0.000758150113722517,0,0,0,0,0,0.000758150113722517,0,0,0.000758150113722517,0,0,0.000758150113722517,0,0,0.000758150113722517,0.000758150113722517,0,0,0,0,0,0,0,0,0,0
0,0,0,0,0,0,0,0,0.00078003120124805,0.00078003120124805,0,0.00078003120124805,0.00078003120124805,0.0031201248049922,0.00390015600624025,0.00390015600624025,0.0031201248049922,0.0062402496099844,0.0031201248049922,0.0078003120124805,0.0062402496099844,0.0132605304212168,0.015600624024961,0.0171606864274571,0.0280811232449298,0.0195007800312012,0.015600624024961,0.0234009360374415,0.0382215288611544,0.0273010920436817,0.03198127925117,0.0585023400936037,0.0803432137285491,0.134165366614665,0.0842433697347894,0.0608424336973479,0.0397815912636505,0.0358814352574103,0.0304212168486739,0.0179407176287051,0.0249609984399376,0.0148205928237129,0.0195007800312012,0.0140405616224649,0.0140405616224649,0.0171606864274571,0.0101404056162246,0.00702028081123245,0.00858034321372855,0.00858034321372855,0.0062402496099844,0.00234009360374415,0.0062402496099844,0.0046801872074883,0.00858034321372855,0.0015600624024961,0.00078003120124805,0.00390015600624025,0.0015600624024961,0.00078003120124805,0,0.00234009360374415,0.0015600624024961,0.0015600624024961,0.0015600624024961,0.00078003120124805,0.00234009360374415,0,0,0.00078003120124805,0,0.00078003120124805,0,0,0,0,0,0,0,0,0,0,0,0,0,0,0,0,0,0,0,0,0,0,0,0,0,0
0,0,0,0,0,0,0,0,0.000832639467110741,0,0,0,0.00333055786844296,0.000832639467110741,0.00249791840133222,0.00582847626977519,0.00333055786844296,0.00499583680266445,0.00582847626977519,0.00499583680266445,0.00582847626977519,0.00999167360532889,0.00832639467110741,0.0158201498751041,0.019150707743547,0.0133222314737719,0.0283097418817652,0.0183180682764363,0.0316402997502082,0.0283097418817652,0.0383014154870941,0.0474604496253122,0.0574521232306411,0.1007493755204,0.109908409658618,0.08992506244796,0.048293089092423,0.0391340549542048,0.0308076602830974,0.0266444629475437,0.0216486261448793,0.0208159866777685,0.0116569525395504,0.0174854288093256,0.0158201498751041,0.0124895920066611,0.0166527893422148,0.0149875104079933,0.00915903413821815,0.00915903413821815,0.00749375520399667,0.00333055786844296,0.00499583680266445,0.00249791840133222,0.00333055786844296,0.00416319733555371,0.00333055786844296,0.00416319733555371,0.00166527893422148,0.00166527893422148,0.00333055786844296,0,0,0.000832639467110741,0,0,0.00249791840133222,0,0.00249791840133222,0.00166527893422148,0.000832639467110741,0.000832639467110741,0,0,0,0.000832639467110741,0,0,0,0,0,0,0,0,0,0,0,0,0,0,0,0,0,0,0,0,0,0
0,0,0,0,0,0,0.000789265982636148,0.000789265982636148,0,0,0.000789265982636148,0,0.000789265982636148,0.00315706393054459,0.0015785319652723,0.00394632991318074,0.00236779794790845,0.00315706393054459,0.00789265982636148,0.00710339384372534,0.00868192580899763,0.00868192580899763,0.0102604577742699,0.0126282557221784,0.0102604577742699,0.0126282557221784,0.0181531176006314,0.0197316495659037,0.0252565114443567,0.0228887134964483,0.0323599052880821,0.0449881610102605,0.0434096290449882,0.0505130228887135,0.0615627466456196,0.133385951065509,0.0757695343330703,0.0765588003157064,0.0339384372533544,0.0347277032359905,0.0236779794790845,0.026835043409629,0.0173638516179953,0.0197316495659037,0.0173638516179953,0.0197316495659037,0.015785319652723,0.00710339384372534,0.0102604577742699,0.00552486187845304,0.0118389897395422,0.00552486187845304,0.00236779794790845,0.00631412786108919,0.00552486187845304,0.00710339384372534,0.00473559589581689,0.00394632991318074,0.0015785319652723,0.00236779794790845,0.00236779794790845,0.0015785319652723,0.00236779794790845,0,0.00236779794790845,0.00315706393054459,0.000789265982636148,0,0.000789265982636148,0,0.000789265982636148,0.000789265982636148,0.000789265982636148,0,0,0,0,0,0.000789265982636148,0,0,0,0,0,0,0,0,0,0,0,0,0,0,0,0,0,0,0
0,0,0,0,0,0,0,0,0,0,0.000903342366757001,0,0.001806684733514,0.000903342366757001,0.000903342366757001,0.003613369467028,0.001806684733514,0.003613369467028,0.003613369467028,0.004516711833785,0.010840108401084,0.00542005420054201,0.00632339656729901,0.014453477868112,0.00632339656729901,0.012646793134598,0.013550135501355,0.01806684733514,0.028906955736224,0.016260162601626,0.021680216802168,0.030713640469738,0.039747064137308,0.037037037037037,0.046070460704607,0.0876242095754291,0.121951219512195,0.0740740740740741,0.0560072267389341,0.04516711833785,0.0487804878048781,0.032520325203252,0.031616982836495,0.019873532068654,0.019873532068654,0.00813008130081301,0.015356820234869,0.010840108401084,0.00813008130081301,0.012646793134598,0.012646793134598,0.00813008130081301,0.004516711833785,0,0.00632339656729901,0.00722673893405601,0.002710027100271,0.002710027100271,0.004516711833785,0.004516711833785,0.001806684733514,0.00542005420054201,0.000903342366757001,0.001806684733514,0.001806684733514,0.002710027100271,0.000903342366757001,0.000903342366757001,0,0,0.002710027100271,0,0.000903342366757001,0,0,0.001806684733514,0.000903342366757001,0,0,0,0,0.000903342366757001,0,0,0.000903342366757001,0,0,0,0,0,0,0,0,0,0,0,0,0
0,0,0,0,0,0,0,0,0,0,0,0.000862812769628991,0,0,0,0.00345125107851596,0.00258843830888697,0.00258843830888697,0.00345125107851596,0.00345125107851596,0.00517687661777394,0.0094909404659189,0.00690250215703192,0.00603968938740293,0.0112165660051769,0.0120793787748059,0.0163934426229508,0.0146678170836928,0.0138050043140638,0.0345125107851596,0.0224331320103538,0.0293356341673857,0.0267471958584987,0.0414150129421915,0.0422778257118205,0.0465918895599655,0.0785159620362381,0.114754098360656,0.0690250215703192,0.0819672131147541,0.0362381363244176,0.0301984469370147,0.0293356341673857,0.0250215703192407,0.0207075064710958,0.0181190681622088,0.0155306298533218,0.0155306298533218,0.00776531492666091,0.0146678170836928,0.0120793787748059,0.00776531492666091,0.00776531492666091,0.00690250215703192,0.00517687661777394,0.00517687661777394,0.00431406384814495,0.00517687661777394,0.00172562553925798,0.00431406384814495,0.00431406384814495,0.00345125107851596,0.000862812769628991,0.00345125107851596,0.00258843830888697,0.000862812769628991,0.00258843830888697,0.000862812769628991,0.000862812769628991,0.00258843830888697,0.00172562553925798,0.000862812769628991,0,0.000862812769628991,0,0,0.000862812769628991,0,0,0,0,0,0,0,0,0,0,0,0,0,0,0,0,0,0,0,0,0
0,0,0,0,0,0,0,0,0,0.000934579439252336,0.00186915887850467,0,0,0.000934579439252336,0.000934579439252336,0.00373831775700935,0.00373831775700935,0.00280373831775701,0.00186915887850467,0.00280373831775701,0.00280373831775701,0.00280373831775701,0.00934579439252336,0.00560747663551402,0.00934579439252336,0.00560747663551402,0.0121495327102804,0.0102803738317757,0.0186915887850467,0.00934579439252336,0.0196261682242991,0.0168224299065421,0.0317757009345794,0.0271028037383178,0.0261682242990654,0.0345794392523364,0.0514018691588785,0.104672897196262,0.122429906542056,0.0766355140186916,0.0672897196261682,0.0514018691588785,0.0327102803738318,0.0327102803738318,0.0196261682242991,0.014018691588785,0.0168224299065421,0.0149532710280374,0.0177570093457944,0.0158878504672897,0.0130841121495327,0.0121495327102804,0.00560747663551402,0.00654205607476636,0.00467289719626168,0.00747663551401869,0.011214953271028,0.00654205607476636,0.00280373831775701,0.00280373831775701,0.00560747663551402,0.00373831775700935,0.000934579439252336,0,0,0,0.000934579439252336,0.00280373831775701,0.00467289719626168,0.000934579439252336,0,0.000934579439252336,0,0,0.000934579439252336,0,0.000934579439252336,0.000934579439252336,0,0,0,0.000934579439252336,0,0.000934579439252336,0,0.000934579439252336,0,0.000934579439252336,0,0,0,0,0,0,0,0,0,0
0,0,0,0,0,0,0,0,0,0,0,0.000925925925925926,0,0.000925925925925926,0.000925925925925926,0.000925925925925926,0.00185185185185185,0.00185185185185185,0.00277777777777778,0.00277777777777778,0.00555555555555556,0.00185185185185185,0.00185185185185185,0.00833333333333333,0.00925925925925926,0.012037037037037,0.0111111111111111,0.0101851851851852,0.0111111111111111,0.012037037037037,0.0222222222222222,0.0212962962962963,0.0185185185185185,0.0287037037037037,0.0259259259259259,0.037037037037037,0.0453703703703704,0.0583333333333333,0.087962962962963,0.114814814814815,0.0777777777777778,0.0537037037037037,0.0342592592592593,0.0398148148148148,0.0324074074074074,0.0212962962962963,0.0222222222222222,0.0194444444444444,0.0194444444444444,0.012962962962963,0.0157407407407407,0.0148148148148148,0.0101851851851852,0.00740740740740741,0.00648148148148148,0.00648148148148148,0.00925925925925926,0.00462962962962963,0.00277777777777778,0.00648148148148148,0.00462962962962963,0.00277777777777778,0.00277777777777778,0.00277777777777778,0.00185185185185185,0.00185185185185185,0.00185185185185185,0.000925925925925926,0.00185185185185185,0,0.000925925925925926,0,0,0.000925925925925926,0.00185185185185185,0,0,0,0,0,0,0,0.000925925925925926,0,0,0,0,0,0,0,0,0,0,0,0,0,0,0
0,0,0,0,0,0,0,0.00101112234580384,0,0,0.00101112234580384,0,0.00101112234580384,0,0,0.00101112234580384,0.00202224469160768,0.00202224469160768,0.00303336703741153,0.00505561172901921,0.00303336703741153,0.00505561172901921,0.00505561172901921,0.00910010111223458,0.00808897876643074,0.0070778564206269,0.0111223458038423,0.0121334681496461,0.00910010111223458,0.0141557128412538,0.0161779575328615,0.0121334681496461,0.0212335692618807,0.0262891809908999,0.0262891809908999,0.0242669362992922,0.0343781597573306,0.0404448938321537,0.0475227502527806,0.0778564206268959,0.133468149646107,0.0717896865520728,0.0556117290192113,0.0404448938321537,0.0364004044489383,0.0131445904954499,0.0293225480283114,0.0222446916076845,0.0111223458038423,0.0232558139534884,0.0141557128412538,0.0202224469160768,0.00910010111223458,0.0121334681496461,0.0101112234580384,0.00505561172901921,0.00808897876643074,0.0070778564206269,0.00101112234580384,0.00404448938321537,0.00808897876643074,0.00505561172901921,0.00505561172901921,0.00303336703741153,0.00303336703741153,0.00303336703741153,0.00404448938321537,0.00202224469160768,0.00202224469160768,0,0.00202224469160768,0.00101112234580384,0,0.00101112234580384,0,0,0.00101112234580384,0,0,0.00101112234580384,0.00404448938321537,0,0,0,0,0,0,0,0,0,0,0,0,0,0,0,0,0
0,0,0,0,0,0,0,0,0,0,0,0.000985221674876847,0,0.00197044334975369,0,0,0.00197044334975369,0.00591133004926108,0.00197044334975369,0.00295566502463054,0.00197044334975369,0.00394088669950739,0.00689655172413793,0.00295566502463054,0.00197044334975369,0.0108374384236453,0.00886699507389163,0.0147783251231527,0.0108374384236453,0.0137931034482759,0.0137931034482759,0.0197044334975369,0.0177339901477833,0.0206896551724138,0.0354679802955665,0.0246305418719212,0.0344827586206897,0.0403940886699507,0.0344827586206897,0.0532019704433498,0.083743842364532,0.150738916256158,0.0600985221674877,0.045320197044335,0.0285714285714286,0.0266009852216749,0.0295566502463054,0.0197044334975369,0.0246305418719212,0.0177339901477833,0.0147783251231527,0.0118226600985222,0.012807881773399,0.0118226600985222,0.00985221674876847,0.00689655172413793,0.00886699507389163,0.00689655172413793,0.00394088669950739,0.00197044334975369,0.00394088669950739,0.00295566502463054,0.00492610837438424,0.00689655172413793,0.00295566502463054,0,0.00197044334975369,0.00197044334975369,0.00197044334975369,0.00197044334975369,0,0.00197044334975369,0.000985221674876847,0,0,0.00197044334975369,0,0,0,0,0.000985221674876847,0,0.000985221674876847,0,0,0,0,0,0,0,0,0,0,0,0,0,0,0
0,0,0,0,0,0,0,0,0,0.00102774922918808,0,0.00205549845837616,0,0,0.00102774922918808,0.00205549845837616,0,0.00205549845837616,0.00102774922918808,0.00205549845837616,0.00616649537512847,0.00411099691675231,0.00411099691675231,0.00308324768756423,0.00513874614594039,0.00616649537512847,0.0092497430626927,0.013360739979445,0.0102774922918808,0.00616649537512847,0.0164439876670093,0.0102774922918808,0.0154162384378212,0.0215827338129496,0.0246659815005139,0.025693730729702,0.0226104830421377,0.0287769784172662,0.0308324768756423,0.0308324768756423,0.0452209660842754,0.092497430626927,0.130524152106886,0.0637204522096608,0.0472764645426516,0.0359712230215827,0.0462487153134635,0.0143884892086331,0.0308324768756423,0.0236382322713258,0.0164439876670093,0.0195272353545735,0.0174717368961973,0.013360739979445,0.00411099691675231,0.0113052415210689,0.0092497430626927,0.0113052415210689,0.013360739979445,0.0092497430626927,0.00308324768756423,0.00411099691675231,0.00513874614594039,0.00308324768756423,0.00205549845837616,0.00205549845837616,0.00102774922918808,0.00411099691675231,0.00205549845837616,0.00513874614594039,0.00102774922918808,0.00205549845837616,0.00102774922918808,0,0.00102774922918808,0,0,0,0,0,0,0,0.00102774922918808,0,0,0,0,0,0,0,0,0,0,0,0,0,0,0
0,0,0,0,0,0,0,0,0,0,0,0,0,0.00108342361863489,0.00108342361863489,0.00108342361863489,0.00108342361863489,0.00108342361863489,0.00325027085590466,0.00108342361863489,0.00108342361863489,0.00541711809317443,0.00325027085590466,0.00975081256771398,0.00975081256771398,0.00325027085590466,0.0075839653304442,0.00541711809317443,0.00975081256771398,0.00650054171180932,0.00866738894907909,0.0119176598049837,0.0173347778981582,0.0140845070422535,0.0151679306608884,0.0238353196099675,0.0173347778981582,0.028169014084507,0.0216684723726977,0.0238353196099675,0.0303358613217768,0.0411700975081257,0.0823401950162514,0.154929577464789,0.0780065005417118,0.0520043336944745,0.0444203683640303,0.0260021668472373,0.0249187432286024,0.0238353196099675,0.0173347778981582,0.0151679306608884,0.0151679306608884,0.0130010834236186,0.0184182015167931,0.019501625135428,0.0108342361863489,0.0075839653304442,0.00433369447453954,0.00866738894907909,0.00433369447453954,0.0151679306608884,0.00866738894907909,0.00325027085590466,0.00325027085590466,0.00325027085590466,0.00216684723726977,0.00216684723726977,0.00108342361863489,0.00541711809317443,0.00108342361863489,0.00108342361863489,0.00325027085590466,0.00108342361863489,0,0.00108342361863489,0.00108342361863489,0,0,0,0,0,0.00108342361863489,0,0,0,0,0,0,0,0,0,0,0,0,0,0,0
0,0,0,0,0,0,0,0,0,0,0,0,0,0,0.00102249488752556,0.00102249488752556,0.00204498977505112,0.00408997955010225,0.00408997955010225,0.00306748466257669,0.00306748466257669,0.00102249488752556,0.00204498977505112,0.00920245398773006,0.00408997955010225,0.00613496932515337,0.00511247443762781,0.0102249488752556,0.0081799591002045,0.00715746421267894,0.0081799591002045,0.0143149284253579,0.0194274028629857,0.0102249488752556,0.0194274028629857,0.0214723926380368,0.016359918200409,0.0173824130879346,0.0214723926380368,0.0408997955010225,0.0368098159509202,0.0408997955010225,0.0357873210633947,0.0674846625766871,0.131901840490798,0.081799591002045,0.0501022494887526,0.0296523517382413,0.0378323108384458,0.0214723926380368,0.0276073619631902,0.0224948875255624,0.0235173824130879,0.0194274028629857,0.0081799591002045,0.0112474437627812,0.0143149284253579,0.00920245398773006,0.00715746421267894,0.00511247443762781,0.0112474437627812,0.00613496932515337,0.00613496932515337,0.00306748466257669,0.00408997955010225,0.0081799591002045,0.00306748466257669,0.00102249488752556,0.00204498977505112,0.00102249488752556,0.00204498977505112,0.00204498977505112,0,0,0.00408997955010225,0,0,0.00102249488752556,0,0,0.00102249488752556,0,0,0,0,0,0,0.00102249488752556,0,0,0,0,0,0,0,0,0,0
0,0,0,0,0,0,0,0,0,0,0,0,0.00115606936416185,0,0,0,0.00115606936416185,0,0.00115606936416185,0.00115606936416185,0,0.00115606936416185,0.0069364161849711,0.0046242774566474,0.00115606936416185,0.00578034682080925,0.00346820809248555,0.00346820809248555,0.0069364161849711,0.0069364161849711,0.0115606936416185,0.0104046242774566,0.0069364161849711,0.00809248554913295,0.0127167630057803,0.0265895953757225,0.015028901734104,0.0161849710982659,0.0196531791907514,0.0277456647398844,0.0196531791907514,0.0346820809248555,0.0404624277456647,0.0393063583815029,0.0647398843930636,0.167630057803468,0.0913294797687861,0.0601156069364162,0.0335260115606936,0.0346820809248555,0.0346820809248555,0.0208092485549133,0.0138728323699422,0.0196531791907514,0.0138728323699422,0.015028901734104,0.0115606936416185,0.0161849710982659,0.0092485549132948,0.0127167630057803,0.0046242774566474,0.00346820809248555,0.00115606936416185,0.00346820809248555,0.0023121387283237,0.00346820809248555,0.00115606936416185,0.0023121387283237,0.0046242774566474,0.0023121387283237,0.0046242774566474,0,0.00115606936416185,0.00115606936416185,0.0023121387283237,0,0.00115606936416185,0.0023121387283237,0.00115606936416185,0.00115606936416185,0,0,0.0023121387283237,0,0,0,0,0,0,0,0,0,0,0,0,0,0,0
0,0,0,0,0,0,0,0,0,0,0.00112359550561798,0,0.00112359550561798,0.00112359550561798,0,0,0.00112359550561798,0.00112359550561798,0.00337078651685393,0.00337078651685393,0.00112359550561798,0.00112359550561798,0.00224719101123596,0.00224719101123596,0.00112359550561798,0.00337078651685393,0.00337078651685393,0.0134831460674157,0.00674157303370787,0.00786516853932584,0.00449438202247191,0.00561797752808989,0.0101123595505618,0.0146067415730337,0.0134831460674157,0.0134831460674157,0.0179775280898876,0.0157303370786517,0.0213483146067416,0.0168539325842697,0.0134831460674157,0.0258426966292135,0.0325842696629213,0.0348314606741573,0.048314606741573,0.0764044943820225,0.141573033707865,0.0764044943820225,0.0685393258426966,0.0393258426966292,0.0325842696629213,0.0314606741573034,0.0224719101123595,0.0179775280898876,0.0213483146067416,0.0157303370786517,0.0101123595505618,0.0112359550561798,0.0123595505617978,0.00786516853932584,0.0101123595505618,0.00449438202247191,0.00561797752808989,0.00224719101123596,0.00337078651685393,0.00449438202247191,0.00561797752808989,0.00898876404494382,0.00112359550561798,0.00337078651685393,0.00561797752808989,0,0.00112359550561798,0.00561797752808989,0.00224719101123596,0.00112359550561798,0,0,0.00112359550561798,0.00112359550561798,0,0.00112359550561798,0,0,0,0.00112359550561798,0,0,0,0,0,0,0,0,0,0,0.00112359550561798,0
0,0,0,0,0,0,0,0,0,0,0,0,0,0,0,0.00112359550561798,0,0,0.00224719101123596,0,0.00112359550561798,0.00112359550561798,0.00112359550561798,0.00449438202247191,0.00224719101123596,0.00337078651685393,0.00674157303370787,0.00337078651685393,0.00786516853932584,0.00449438202247191,0.0101123595505618,0.00449438202247191,0.00898876404494382,0.0101123595505618,0.0112359550561798,0.0146067415730337,0.0168539325842697,0.0146067415730337,0.0314606741573034,0.0213483146067416,0.0179775280898876,0.0213483146067416,0.0269662921348315,0.0314606741573034,0.051685393258427,0.0314606741573034,0.0662921348314607,0.148314606741573,0.0741573033707865,0.0584269662921348,0.0449438202247191,0.0213483146067416,0.0235955056179775,0.0202247191011236,0.0146067415730337,0.0146067415730337,0.0191011235955056,0.0157303370786517,0.0213483146067416,0.0112359550561798,0.00786516853932584,0.0101123595505618,0.00786516853932584,0.00337078651685393,0.00337078651685393,0.00674157303370787,0.00674157303370787,0.00112359550561798,0.00337078651685393,0.00561797752808989,0.00561797752808989,0.00561797752808989,0.00112359550561798,0.00112359550561798,0.00337078651685393,0.00224719101123596,0,0.00224719101123596,0,0,0,0.00112359550561798,0,0.00112359550561798,0,0.00112359550561798,0,0,0.00112359550561798,0,0,0,0,0,0,0,0,0
0,0,0,0,0,0,0,0,0,0,0,0.00116279069767442,0,0,0,0,0,0.00116279069767442,0,0.00116279069767442,0.00116279069767442,0,0,0.00348837209302326,0.00116279069767442,0.00116279069767442,0.00232558139534884,0.00465116279069767,0.00581395348837209,0.00232558139534884,0.00348837209302326,0.00465116279069767,0.00581395348837209,0.00697674418604651,0.00697674418604651,0.00930232558139535,0.013953488372093,0.0151162790697674,0.0232558139534884,0.013953488372093,0.0186046511627907,0.0337209302325581,0.0197674418604651,0.0290697674418605,0.0313953488372093,0.0383720930232558,0.05,0.0709302325581395,0.144186046511628,0.0906976744186047,0.0604651162790698,0.0441860465116279,0.0325581395348837,0.0313953488372093,0.0186046511627907,0.0244186046511628,0.0151162790697674,0.0162790697674419,0.013953488372093,0.00930232558139535,0.0127906976744186,0.00581395348837209,0.00697674418604651,0.00697674418604651,0.00813953488372093,0.00813953488372093,0.00465116279069767,0.00348837209302326,0.00581395348837209,0.00348837209302326,0,0.00232558139534884,0.00116279069767442,0,0.00116279069767442,0.00232558139534884,0,0,0.00116279069767442,0.00116279069767442,0,0,0.00116279069767442,0.00116279069767442,0,0,0,0,0,0,0,0,0,0,0,0,0,0
0,0,0,0,0,0,0,0,0,0,0,0,0,0.00121802679658952,0,0,0,0.00121802679658952,0.00121802679658952,0,0.00365408038976857,0.00243605359317905,0.00365408038976857,0.00121802679658952,0,0.00121802679658952,0.00243605359317905,0.0048721071863581,0.0048721071863581,0.00609013398294762,0.00609013398294762,0.00243605359317905,0.0048721071863581,0.00609013398294762,0.00609013398294762,0.00852618757612668,0.00730816077953715,0.0109622411693057,0.0121802679658952,0.0146163215590743,0.0097442143727162,0.0194884287454324,0.0243605359317905,0.023142509135201,0.023142509135201,0.0389768574908648,0.0341047503045067,0.0365408038976857,0.0706455542021924,0.15347137637028,0.112058465286236,0.0621193666260658,0.0475030450669915,0.0377588306942753,0.02557856272838,0.0292326431181486,0.0146163215590743,0.0170523751522534,0.0109622411693057,0.0133982947624848,0.00730816077953715,0.0109622411693057,0.00730816077953715,0.0097442143727162,0.00730816077953715,0.00609013398294762,0.00365408038976857,0,0.00365408038976857,0.0048721071863581,0.00365408038976857,0.00121802679658952,0.00365408038976857,0.00243605359317905,0.00243605359317905,0.00243605359317905,0.00121802679658952,0.00121802679658952,0.00121802679658952,0.00243605359317905,0,0,0,0,0,0,0,0,0,0,0,0,0,0,0,0,0,0
0,0,0,0,0,0,0,0,0,0,0.0012853470437018,0,0,0,0,0,0.0012853470437018,0,0.0025706940874036,0,0.0012853470437018,0,0.0025706940874036,0.0012853470437018,0.0012853470437018,0.0012853470437018,0.0025706940874036,0.0038560411311054,0.006426735218509,0.0051413881748072,0.0025706940874036,0.0051413881748072,0.006426735218509,0.0077120822622108,0.012853470437018,0.0077120822622108,0.0102827763496144,0.0167095115681234,0.0154241645244216,0.0154241645244216,0.0115681233933162,0.012853470437018,0.0205655526992288,0.0205655526992288,0.0167095115681234,0.0231362467866324,0.0411311053984576,0.0295629820051414,0.0398457583547558,0.0681233933161954,0.151670951156812,0.0951156812339332,0.0552699228791774,0.0372750642673522,0.025706940874036,0.0231362467866324,0.0282776349614396,0.0231362467866324,0.0218508997429306,0.0141388174807198,0.019280205655527,0.0077120822622108,0.0089974293059126,0.0025706940874036,0.0077120822622108,0.0089974293059126,0.0102827763496144,0.0115681233933162,0.0025706940874036,0.006426735218509,0.006426735218509,0.0012853470437018,0,0,0.0038560411311054,0.006426735218509,0.0012853470437018,0.0012853470437018,0,0.0012853470437018,0,0,0,0,0.0012853470437018,0,0,0,0,0,0,0,0,0,0,0,0,0
0,0,0,0,0,0,0,0,0,0,0,0,0,0.00122249388753056,0,0,0.00122249388753056,0.00122249388753056,0,0.00122249388753056,0.00122249388753056,0.00244498777506112,0.00122249388753056,0.00122249388753056,0.00244498777506112,0.00244498777506112,0.00122249388753056,0.00244498777506112,0.00488997555012225,0.00122249388753056,0.00611246943765281,0.00366748166259169,0.00611246943765281,0.00611246943765281,0.00855745721271394,0.00488997555012225,0.00733496332518337,0.0110024449877751,0.0171149144254279,0.0097799511002445,0.0110024449877751,0.0134474327628362,0.0220048899755501,0.0146699266503667,0.0256723716381418,0.0220048899755501,0.0305623471882641,0.0281173594132029,0.0293398533007335,0.0354523227383863,0.0537897310513447,0.168704156479218,0.0990220048899755,0.0684596577017115,0.0354523227383863,0.0354523227383863,0.0244498777506112,0.0220048899755501,0.0207823960880196,0.0220048899755501,0.0097799511002445,0.0122249388753056,0.0146699266503667,0.00733496332518337,0.00488997555012225,0.00855745721271394,0.0146699266503667,0.00366748166259169,0.00611246943765281,0.00488997555012225,0.00488997555012225,0.00122249388753056,0.00488997555012225,0.00244498777506112,0.00366748166259169,0.00244498777506112,0.00244498777506112,0,0,0.00122249388753056,0.00122249388753056,0,0,0,0,0,0,0,0,0,0,0,0,0,0,0,0,0
0,0,0,0,0,0,0,0,0,0,0,0,0,0,0,0,0,0,0.00266666666666667,0.00133333333333333,0.00266666666666667,0,0.00266666666666667,0.00266666666666667,0.00133333333333333,0.00266666666666667,0.00266666666666667,0.004,0.00133333333333333,0.00666666666666667,0.00666666666666667,0.00533333333333333,0.00666666666666667,0.00533333333333333,0.008,0.0106666666666667,0.00666666666666667,0.00933333333333333,0.012,0.012,0.0133333333333333,0.0106666666666667,0.0106666666666667,0.00666666666666667,0.0173333333333333,0.016,0.0293333333333333,0.0186666666666667,0.0226666666666667,0.0333333333333333,0.036,0.0613333333333333,0.136,0.129333333333333,0.056,0.0506666666666667,0.0306666666666667,0.0346666666666667,0.0226666666666667,0.0146666666666667,0.024,0.0146666666666667,0.00933333333333333,0.00666666666666667,0.0106666666666667,0.00533333333333333,0.00666666666666667,0.00533333333333333,0.00933333333333333,0.0106666666666667,0.00133333333333333,0.004,0.00266666666666667,0.00666666666666667,0.004,0.004,0.00266666666666667,0.00133333333333333,0.00133333333333333,0.00133333333333333,0,0.00133333333333333,0,0,0.00133333333333333,0,0,0,0,0,0,0.00133333333333333,0,0,0,0,0,0
0,0,0,0,0,0,0,0,0,0,0,0,0,0,0,0,0,0,0,0,0,0.00124069478908189,0,0.00124069478908189,0,0,0.00124069478908189,0,0.00248138957816377,0.00496277915632754,0.00124069478908189,0.00620347394540943,0.00248138957816377,0.00620347394540943,0.00620347394540943,0.00496277915632754,0.00620347394540943,0.00620347394540943,0.00992555831265509,0.0136476426799007,0.00992555831265509,0.0210918114143921,0.0173697270471464,0.0148883374689826,0.0148883374689826,0.0173697270471464,0.0223325062034739,0.0223325062034739,0.0272952853598015,0.0347394540942928,0.0359801488833747,0.0359801488833747,0.0558312655086849,0.146401985111663,0.124069478908189,0.0694789081885856,0.0347394540942928,0.0372208436724566,0.0186104218362283,0.0186104218362283,0.0148883374689826,0.0173697270471464,0.0161290322580645,0.0161290322580645,0.011166253101737,0.00992555831265509,0.00496277915632754,0.00496277915632754,0.00248138957816377,0.00496277915632754,0.00372208436724566,0.00992555831265509,0.0124069478908189,0.00248138957816377,0.00496277915632754,0.00248138957816377,0.00124069478908189,0.00248138957816377,0,0,0,0,0,0,0,0,0.00248138957816377,0.00124069478908189,0,0,0,0,0,0,0,0,0,0
0,0,0,0,0,0,0,0,0,0,0,0,0,0.00131578947368421,0,0,0,0,0.00131578947368421,0,0,0,0.00131578947368421,0,0.00131578947368421,0.00131578947368421,0,0.00263157894736842,0,0.00131578947368421,0.00263157894736842,0.00131578947368421,0.00131578947368421,0.00789473684210526,0.00526315789473684,0.0118421052631579,0.0131578947368421,0.0118421052631579,0.0131578947368421,0.00789473684210526,0.00526315789473684,0.00921052631578947,0.00789473684210526,0.0105263157894737,0.0210526315789474,0.0144736842105263,0.025,0.025,0.0157894736842105,0.0210526315789474,0.0236842105263158,0.0342105263157895,0.0394736842105263,0.0618421052631579,0.142105263157895,0.123684210526316,0.0671052631578947,0.0473684210526316,0.0289473684210526,0.0197368421052632,0.0171052631578947,0.0184210526315789,0.0197368421052632,0.0197368421052632,0.00394736842105263,0.0131578947368421,0.0171052631578947,0.00657894736842105,0.0131578947368421,0.0105263157894737,0.00263157894736842,0.00921052631578947,0.00394736842105263,0.00526315789473684,0.00394736842105263,0,0.00131578947368421,0.00263157894736842,0,0,0.00131578947368421,0,0,0,0,0,0,0,0,0,0,0,0,0,0,0,0,0
0,0,0,0,0,0,0,0,0,0,0,0.00129032258064516,0,0.00129032258064516,0,0.00129032258064516,0,0.00129032258064516,0,0.00129032258064516,0.00258064516129032,0,0.00129032258064516,0.00129032258064516,0.00129032258064516,0,0,0.00387096774193548,0.00258064516129032,0,0.00129032258064516,0,0.00516129032258065,0.00645161290322581,0.00387096774193548,0.00645161290322581,0.00645161290322581,0.00387096774193548,0.00516129032258065,0.0141935483870968,0.00645161290322581,0.00774193548387097,0.00903225806451613,0.0141935483870968,0.0180645161290323,0.0167741935483871,0.0116129032258065,0.0116129032258065,0.0154838709677419,0.0193548387096774,0.0219354838709677,0.0283870967741936,0.0309677419354839,0.04,0.0645161290322581,0.156129032258065,0.109677419354839,0.0825806451612903,0.04,0.04,0.0129032258064516,0.0296774193548387,0.0180645161290323,0.00774193548387097,0.0180645161290323,0.00903225806451613,0.0141935483870968,0.0141935483870968,0.0154838709677419,0.00387096774193548,0.00516129032258065,0.00774193548387097,0.00387096774193548,0.00387096774193548,0.00387096774193548,0.00387096774193548,0.00516129032258065,0.00129032258064516,0,0.00129032258064516,0,0,0,0.00129032258064516,0.00129032258064516,0,0,0,0,0,0,0,0.00129032258064516,0,0,0,0,0
0,0,0,0,0,0,0,0,0,0,0,0,0,0,0.00144508670520231,0,0,0,0,0,0.00289017341040462,0,0.00289017341040462,0,0.00289017341040462,0,0.00144508670520231,0,0.00289017341040462,0,0.00722543352601156,0,0,0.00433526011560694,0.00433526011560694,0,0.00433526011560694,0.00722543352601156,0.00867052023121387,0.00578034682080925,0.00289017341040462,0.0101156069364162,0.00289017341040462,0.0173410404624277,0.0115606936416185,0.00722543352601156,0.0101156069364162,0.0274566473988439,0.0101156069364162,0.0187861271676301,0.0144508670520231,0.0173410404624277,0.0202312138728324,0.0332369942196532,0.0375722543352601,0.046242774566474,0.166184971098266,0.13728323699422,0.092485549132948,0.0332369942196532,0.0390173410404624,0.0361271676300578,0.023121387283237,0.0187861271676301,0.0101156069364162,0.0115606936416185,0.00722543352601156,0.0101156069364162,0.0115606936416185,0.00433526011560694,0.00722543352601156,0.00433526011560694,0.00433526011560694,0.00433526011560694,0.00433526011560694,0.00433526011560694,0.00867052023121387,0.00433526011560694,0.00289017341040462,0.00722543352601156,0.00144508670520231,0.00144508670520231,0,0,0,0,0,0,0,0,0,0,0,0,0,0,0,0
0,0,0,0,0,0,0,0,0,0,0,0.00134952766531714,0,0,0,0,0,0,0,0,0,0,0,0,0,0,0,0.00134952766531714,0.00134952766531714,0.00134952766531714,0.00269905533063428,0.00539811066126856,0.00269905533063428,0.00404858299595142,0.00809716599190283,0.00404858299595142,0.00539811066126856,0.0121457489878543,0.00404858299595142,0.00809716599190283,0.00269905533063428,0.00944669365721997,0.0107962213225371,0.0107962213225371,0.00269905533063428,0.00944669365721997,0.00944669365721997,0.0215924426450742,0.0148448043184885,0.0148448043184885,0.0134952766531714,0.0202429149797571,0.0202429149797571,0.0188933873144399,0.0377867746288799,0.0377867746288799,0.0431848852901484,0.143049932523617,0.120107962213225,0.110661268556005,0.0472334682860999,0.0269905533063428,0.0242914979757085,0.0161943319838057,0.0215924426450742,0.0134952766531714,0.0148448043184885,0.0107962213225371,0.0134952766531714,0.0134952766531714,0.0121457489878543,0.0067476383265857,0.0067476383265857,0.0107962213225371,0.0067476383265857,0.00269905533063428,0.00539811066126856,0.00269905533063428,0.00269905533063428,0.00134952766531714,0.00134952766531714,0.00269905533063428,0,0,0,0.00134952766531714,0,0,0,0,0,0,0,0,0,0,0,0
0,0,0,0,0,0,0,0,0,0,0,0,0,0,0,0.0028735632183908,0,0,0,0,0,0,0,0,0.0014367816091954,0.0014367816091954,0.0014367816091954,0.0014367816091954,0.0014367816091954,0,0,0,0.00431034482758621,0.0014367816091954,0.0028735632183908,0.0028735632183908,0.00431034482758621,0.00574712643678161,0.00862068965517241,0.0100574712643678,0.0114942528735632,0.00574712643678161,0.00718390804597701,0.014367816091954,0.0129310344827586,0.00431034482758621,0.00718390804597701,0.0129310344827586,0.014367816091954,0.0186781609195402,0.014367816091954,0.0186781609195402,0.0201149425287356,0.0272988505747126,0.0272988505747126,0.0272988505747126,0.0445402298850575,0.0646551724137931,0.132183908045977,0.136494252873563,0.104885057471264,0.0244252873563218,0.0229885057471264,0.0272988505747126,0.0272988505747126,0.0114942528735632,0.0229885057471264,0.0100574712643678,0.00862068965517241,0.0114942528735632,0.00574712643678161,0.00431034482758621,0.00574712643678161,0.00574712643678161,0.00431034482758621,0.00718390804597701,0.0028735632183908,0.00574712643678161,0.00574712643678161,0.00574712643678161,0.0014367816091954,0,0,0,0,0.0014367816091954,0,0,0,0,0,0,0,0,0,0,0,0
0,0,0,0,0,0,0,0,0,0,0,0,0,0,0,0,0,0,0,0,0,0,0,0.0015625,0.0015625,0,0.0015625,0.0015625,0,0,0.0015625,0,0.0046875,0.0046875,0.003125,0.003125,0.0046875,0.003125,0.0078125,0.009375,0.0046875,0.0015625,0.00625,0.0109375,0.0109375,0.009375,0.0109375,0.009375,0.015625,0.015625,0.0125,0.0171875,0.01875,0.0171875,0.021875,0.025,0.0265625,0.03125,0.0421875,0.1671875,0.159375,0.0609375,0.034375,0.01875,0.0453125,0.025,0.015625,0.0140625,0.015625,0.0125,0.009375,0.009375,0.0140625,0.0046875,0.0140625,0.00625,0.0015625,0.0046875,0,0.0046875,0,0.0015625,0.0015625,0.0015625,0,0,0,0,0,0,0.0015625,0,0,0,0,0,0,0
0,0,0,0,0,0,0,0,0,0,0,0,0,0,0,0,0,0,0.00149925037481259,0,0,0.00149925037481259,0,0,0,0,0,0,0,0.00149925037481259,0.00449775112443778,0.00149925037481259,0,0.00449775112443778,0.00149925037481259,0.00299850074962519,0.00299850074962519,0.00599700149925037,0.00299850074962519,0.00599700149925037,0.00449775112443778,0.00599700149925037,0.00449775112443778,0.0104947526236882,0.0104947526236882,0.00749625187406297,0.00449775112443778,0.00899550224887556,0.0119940029985007,0.0149925037481259,0.0134932533733133,0.0239880059970015,0.0134932533733133,0.0239880059970015,0.0209895052473763,0.0299850074962519,0.0344827586206897,0.0269865067466267,0.0314842578710645,0.0509745127436282,0.134932533733133,0.164917541229385,0.100449775112444,0.0389805097451274,0.0239880059970015,0.0179910044977511,0.0239880059970015,0.0164917541229385,0.00899550224887556,0.0194902548725637,0.0104947526236882,0.00299850074962519,0.00599700149925037,0.00899550224887556,0.00449775112443778,0.00899550224887556,0.00299850074962519,0.00449775112443778,0.00149925037481259,0.00299850074962519,0.00299850074962519,0,0,0.00149925037481259,0,0,0,0,0,0,0,0,0,0,0,0,0,0
0,0,0,0,0,0,0,0,0,0,0,0,0,0,0,0.00161812297734628,0,0,0,0,0.00161812297734628,0,0,0.00161812297734628,0.00161812297734628,0.00161812297734628,0.00161812297734628,0.00323624595469256,0.00323624595469256,0,0,0,0.00161812297734628,0.00323624595469256,0.00323624595469256,0.00323624595469256,0.00485436893203883,0.00323624595469256,0.00485436893203883,0.00647249190938511,0,0.00647249190938511,0.00809061488673139,0.00647249190938511,0.00323624595469256,0.00323624595469256,0.00809061488673139,0.0113268608414239,0.00970873786407767,0.00809061488673139,0.0145631067961165,0.0129449838187702,0.0129449838187702,0.0177993527508091,0.00970873786407767,0.0194174757281553,0.0275080906148867,0.0210355987055016,0.0307443365695793,0.040453074433657,0.0420711974110032,0.134304207119741,0.171521035598705,0.0922330097087379,0.0469255663430421,0.0307443365695793,0.0258899676375405,0.0210355987055016,0.0129449838187702,0.0355987055016181,0.0145631067961165,0.00647249190938511,0.0161812297734628,0.00809061488673139,0.00323624595469256,0.00485436893203883,0.00161812297734628,0.00323624595469256,0.00323624595469256,0.00323624595469256,0.00161812297734628,0,0,0,0.00161812297734628,0,0,0,0,0,0,0,0,0,0,0,0,0
0,0,0,0,0,0,0,0,0,0,0,0,0,0,0,0,0,0,0,0,0.00155763239875389,0.00155763239875389,0,0,0.00311526479750779,0.00155763239875389,0.00311526479750779,0.00155763239875389,0.00467289719626168,0.00155763239875389,0.00155763239875389,0.00311526479750779,0.00311526479750779,0.00623052959501558,0.00311526479750779,0.00155763239875389,0.00311526479750779,0.00623052959501558,0.00467289719626168,0.00467289719626168,0.00311526479750779,0.00623052959501558,0.00623052959501558,0.00623052959501558,0.0109034267912773,0.00934579439252336,0.00467289719626168,0.00623052959501558,0.00623052959501558,0.00623052959501558,0.0124610591900312,0.00623052959501558,0.0218068535825545,0.0124610591900312,0.0171339563862928,0.0249221183800623,0.0155763239875389,0.0264797507788162,0.0171339563862928,0.0373831775700935,0.0358255451713396,0.0358255451713396,0.141744548286604,0.171339563862928,0.0965732087227414,0.0342679127725857,0.0373831775700935,0.0202492211838006,0.0155763239875389,0.0186915887850467,0.0155763239875389,0.0124610591900312,0.00623052959501558,0.00623052959501558,0,0.0109034267912773,0.00311526479750779,0.00467289719626168,0.00467289719626168,0.00155763239875389,0.00155763239875389,0.00155763239875389,0.00155763239875389,0,0.00311526479750779,0.00311526479750779,0,0,0.00155763239875389,0.00155763239875389,0,0,0,0,0,0,0,0
0,0,0,0,0,0,0,0,0,0,0,0,0,0,0,0,0,0,0,0,0,0,0,0,0,0,0.00168067226890756,0,0.00168067226890756,0.00168067226890756,0,0,0.00168067226890756,0.00336134453781513,0,0.00168067226890756,0.00336134453781513,0.00336134453781513,0.00168067226890756,0.00336134453781513,0,0.0100840336134454,0.00336134453781513,0.00840336134453781,0.00336134453781513,0.00840336134453781,0.0100840336134454,0.0134453781512605,0.00672268907563025,0.0151260504201681,0.00672268907563025,0.00840336134453781,0.0117647058823529,0.00840336134453781,0.0184873949579832,0.0100840336134454,0.0134453781512605,0.0184873949579832,0.0117647058823529,0.0201680672268908,0.0235294117647059,0.0319327731092437,0.0638655462184874,0.13109243697479,0.181512605042017,0.102521008403361,0.0588235294117647,0.0403361344537815,0.0319327731092437,0.0184873949579832,0.0134453781512605,0.0100840336134454,0.0117647058823529,0.0151260504201681,0.00672268907563025,0.00840336134453781,0.00504201680672269,0.00504201680672269,0.00168067226890756,0.00168067226890756,0,0.00168067226890756,0,0.00168067226890756,0,0.00168067226890756,0,0.00168067226890756,0,0,0,0,0,0,0,0,0,0
0,0,0,0,0,0,0,0,0,0,0,0,0,0,0,0,0.00148148148148148,0,0,0,0,0,0,0,0,0.00148148148148148,0,0.00148148148148148,0.00148148148148148,0,0.00296296296296296,0.00148148148148148,0,0.00296296296296296,0,0.00296296296296296,0,0.00148148148148148,0.00148148148148148,0.00296296296296296,0.0133333333333333,0.00592592592592593,0.00148148148148148,0.00740740740740741,0.00148148148148148,0.00592592592592593,0.00444444444444444,0.0103703703703704,0.0148148148148148,0.00296296296296296,0.00444444444444444,0.00740740740740741,0.0103703703703704,0.0177777777777778,0.00888888888888889,0.0133333333333333,0.0148148148148148,0.0162962962962963,0.0118518518518519,0.0325925925925926,0.0162962962962963,0.0192592592592593,0.0296296296296296,0.0533333333333333,0.137777777777778,0.174814814814815,0.112592592592593,0.0548148148148148,0.0325925925925926,0.0311111111111111,0.0192592592592593,0.0207407407407407,0.00888888888888889,0.00740740740740741,0.0177777777777778,0.00444444444444444,0.00444444444444444,0.00296296296296296,0.00444444444444444,0.00444444444444444,0.00296296296296296,0,0.00296296296296296,0.00148148148148148,0.00148148148148148,0,0,0.00148148148148148,0,0.00296296296296296,0,0.00148148148148148,0,0,0,0,0,0
0,0,0,0,0,0,0,0,0,0,0,0,0,0,0,0,0,0,0,0,0,0,0,0.0016750418760469,0,0,0,0,0,0,0.0016750418760469,0.0016750418760469,0.0050251256281407,0.0016750418760469,0.0033500837520938,0.0016750418760469,0.0016750418760469,0,0.0050251256281407,0,0.0050251256281407,0,0.0050251256281407,0,0.0016750418760469,0.0033500837520938,0.0016750418760469,0.00837520938023451,0.0067001675041876,0,0.00837520938023451,0.0117252931323283,0.016750418760469,0.0100502512562814,0.0050251256281407,0.0150753768844221,0.0201005025125628,0.0117252931323283,0.0217755443886097,0.00837520938023451,0.0117252931323283,0.0284757118927973,0.0318257956448911,0.0435510887772194,0.0452261306532663,0.102177554438861,0.207705192629816,0.128978224455611,0.0435510887772194,0.0368509212730318,0.0284757118927973,0.0134003350083752,0.0184254606365159,0.0234505862646566,0.0100502512562814,0.0117252931323283,0.0016750418760469,0.0050251256281407,0.0050251256281407,0.0016750418760469,0.0067001675041876,0.0033500837520938,0.0016750418760469,0,0.0016750418760469,0,0.0016750418760469,0.0016750418760469,0,0,0,0,0,0,0,0,0,0
0,0,0,0,0,0,0,0,0,0,0,0,0,0,0,0,0,0,0,0,0,0,0,0,0,0,0.00176678445229682,0.00353356890459364,0.00176678445229682,0,0,0,0,0.00353356890459364,0,0,0.00176678445229682,0.00530035335689046,0,0.00353356890459364,0.00353356890459364,0.00176678445229682,0.00353356890459364,0.00353356890459364,0.00176678445229682,0.00530035335689046,0.00706713780918728,0.00176678445229682,0.00353356890459364,0.00530035335689046,0.00530035335689046,0.00706713780918728,0.0106007067137809,0.00530035335689046,0.00176678445229682,0.019434628975265,0.0159010600706714,0.0176678445229682,0.0176678445229682,0.0141342756183746,0.0229681978798587,0.0176678445229682,0.0176678445229682,0.0265017667844523,0.0371024734982332,0.049469964664311,0.114840989399293,0.219081272084806,0.123674911660777,0.03886925795053,0.0530035335689046,0.019434628975265,0.0159010600706714,0.0159010600706714,0.00530035335689046,0.0088339222614841,0.00706713780918728,0.00530035335689046,0.00353356890459364,0.0106007067137809,0,0.00176678445229682,0.00176678445229682,0.00530035335689046,0.00176678445229682,0,0.00176678445229682,0,0,0,0,0,0,0,0.00176678445229682,0,0,0
0,0,0,0,0,0,0,0,0,0,0,0,0,0,0,0,0,0,0,0,0.00180505415162455,0,0,0,0.00180505415162455,0,0.00180505415162455,0,0.0036101083032491,0,0,0.0036101083032491,0,0,0.0036101083032491,0,0,0.00180505415162455,0.00180505415162455,0.0036101083032491,0.00180505415162455,0,0.0072202166064982,0.00180505415162455,0.00180505415162455,0.00541516245487365,0.0036101083032491,0.0036101083032491,0.00541516245487365,0.0072202166064982,0.0036101083032491,0.00902527075812274,0.0144404332129964,0.0072202166064982,0.0144404332129964,0.0108303249097473,0.0108303249097473,0.0126353790613718,0.0126353790613718,0.00541516245487365,0.0108303249097473,0.0216606498194946,0.0162454873646209,0.0144404332129964,0.0252707581227437,0.0505415162454874,0.0595667870036101,0.092057761732852,0.196750902527076,0.149819494584838,0.0613718411552347,0.0216606498194946,0.0180505415162455,0.0252707581227437,0.0162454873646209,0.00902527075812274,0.00902527075812274,0.00541516245487365,0.0072202166064982,0.0072202166064982,0.0072202166064982,0.00541516245487365,0,0.00180505415162455,0.0036101083032491,0.00180505415162455,0,0,0,0,0,0,0,0,0,0,0,0
0,0,0,0,0,0,0,0,0,0,0,0,0,0,0,0,0,0,0,0,0,0,0,0.00187265917602996,0.00187265917602996,0,0,0,0.00187265917602996,0,0,0.00374531835205993,0,0,0,0,0,0,0.00187265917602996,0,0,0,0.00374531835205993,0.00374531835205993,0.00561797752808989,0.00187265917602996,0.00374531835205993,0.00374531835205993,0.00936329588014981,0.00749063670411985,0.0131086142322097,0.00749063670411985,0.00561797752808989,0.00936329588014981,0.00561797752808989,0.0168539325842697,0.0131086142322097,0.0168539325842697,0.00936329588014981,0.0205992509363296,0.0149812734082397,0.0224719101123595,0.0205992509363296,0.0243445692883895,0.0205992509363296,0.0262172284644195,0.0262172284644195,0.0599250936329588,0.117977528089888,0.187265917602996,0.110486891385768,0.050561797752809,0.0468164794007491,0.0243445692883895,0.0131086142322097,0.0168539325842697,0.0112359550561798,0.0149812734082397,0.00561797752808989,0.00187265917602996,0.00374531835205993,0.00561797752808989,0,0.00187265917602996,0.00187265917602996,0,0,0,0,0,0.00187265917602996,0,0,0,0,0,0,0
0,0,0,0,0,0,0,0,0,0,0,0,0,0,0,0,0,0,0,0,0,0,0,0,0,0,0,0,0,0,0,0,0.002,0,0.002,0,0,0,0,0.002,0,0.004,0.002,0.002,0.004,0.004,0.004,0.004,0.012,0.01,0.004,0.006,0.002,0.006,0.012,0.006,0.012,0.016,0.008,0.008,0.016,0.012,0.018,0.014,0.022,0.03,0.036,0.03,0.034,0.1,0.214,0.154,0.038,0.03,0.02,0.022,0.02,0.014,0.01,0.006,0.012,0.002,0.004,0.006,0,0,0.002,0.002,0,0,0,0,0,0,0,0,0,0
0,0,0,0,0,0,0,0,0,0,0,0,0,0,0,0,0,0,0,0,0,0,0,0,0,0,0,0,0,0,0.00204081632653061,0.00204081632653061,0,0,0,0.00204081632653061,0,0.00204081632653061,0,0,0,0.00204081632653061,0.00612244897959184,0,0.00204081632653061,0.00408163265306122,0.00408163265306122,0,0,0.00204081632653061,0.00612244897959184,0.00408163265306122,0.00612244897959184,0.00816326530612245,0,0,0.00408163265306122,0.00612244897959184,0.0122448979591837,0.0102040816326531,0.0163265306122449,0.0102040816326531,0.0163265306122449,0.0163265306122449,0.0204081632653061,0.0204081632653061,0.026530612244898,0.0244897959183673,0.0530612244897959,0.0306122448979592,0.0959183673469388,0.218367346938776,0.169387755102041,0.0551020408163265,0.0408163265306122,0.0163265306122449,0.0163265306122449,0.0224489795918367,0.0102040816326531,0.0122448979591837,0.00204081632653061,0.00612244897959184,0,0.00816326530612245,0,0.00204081632653061,0.00204081632653061,0,0,0,0.00204081632653061,0,0,0,0,0,0,0
0,0,0,0,0,0,0,0,0,0,0,0,0,0.0021978021978022,0,0,0,0,0,0,0,0,0,0,0,0,0,0,0,0,0,0,0,0.0021978021978022,0,0,0,0,0.00659340659340659,0,0,0.0021978021978022,0,0.0021978021978022,0.00659340659340659,0.0021978021978022,0.0021978021978022,0,0,0.0021978021978022,0,0.00879120879120879,0.0021978021978022,0.0021978021978022,0.0021978021978022,0.00879120879120879,0.0021978021978022,0.0043956043956044,0.0153846153846154,0.010989010989011,0.00879120879120879,0.00879120879120879,0.0175824175824176,0.0131868131868132,0.021978021978022,0.010989010989011,0.0263736263736264,0.0197802197802198,0.0285714285714286,0.032967032967033,0.043956043956044,0.0725274725274725,0.237362637362637,0.147252747252747,0.0835164835164835,0.0395604395604396,0.021978021978022,0.0197802197802198,0.0285714285714286,0.00659340659340659,0.0043956043956044,0.0043956043956044,0.0021978021978022,0.0043956043956044,0,0.0021978021978022,0,0.0021978021978022,0,0.0043956043956044,0,0,0,0,0,0,0,0
0,0,0,0,0,0,0,0,0,0,0,0,0,0,0,0,0,0,0,0,0,0,0,0,0,0,0,0,0,0,0,0,0,0,0,0,0,0,0,0.00197628458498024,0.00592885375494071,0,0.00197628458498024,0.00197628458498024,0.00197628458498024,0.00592885375494071,0,0.00395256916996047,0.00395256916996047,0,0.00395256916996047,0.00197628458498024,0,0.00592885375494071,0.00197628458498024,0.00197628458498024,0.00988142292490119,0.00592885375494071,0.0118577075098814,0.00790513833992095,0.0158102766798419,0.0197628458498024,0.00790513833992095,0.00592885375494071,0.00790513833992095,0.0118577075098814,0.0197628458498024,0.0118577075098814,0.0177865612648221,0.0158102766798419,0.0355731225296443,0.0434782608695652,0.0889328063241107,0.231225296442688,0.213438735177866,0.0553359683794466,0.0296442687747036,0.0296442687747036,0.0177865612648221,0.0158102766798419,0.00988142292490119,0.00592885375494071,0.00395256916996047,0.00197628458498024,0.00197628458498024,0,0,0.00197628458498024,0,0,0,0,0,0,0,0,0,0
0,0,0,0,0,0,0,0,0,0,0,0,0,0,0.00225225225225225,0,0,0,0,0.00225225225225225,0,0,0,0,0,0,0,0,0,0,0,0,0.00225225225225225,0,0,0,0.00225225225225225,0,0.0045045045045045,0,0.0045045045045045,0,0,0.00225225225225225,0.00225225225225225,0,0.00225225225225225,0.00225225225225225,0.0045045045045045,0.00675675675675676,0.0045045045045045,0.00225225225225225,0.00225225225225225,0.0045045045045045,0.0045045045045045,0.00225225225225225,0.00225225225225225,0.00675675675675676,0.0045045045045045,0.00225225225225225,0.0135135135135135,0.00675675675675676,0.0045045045045045,0.0202702702702703,0.0157657657657658,0.00900900900900901,0.0157657657657658,0.0135135135135135,0.0202702702702703,0.0157657657657658,0.018018018018018,0.0405405405405405,0.0495495495495495,0.0608108108108108,0.236486486486486,0.216216216216216,0.0630630630630631,0.0292792792792793,0.0225225225225225,0.0135135135135135,0.0135135135135135,0.0112612612612613,0.00675675675675676,0,0.0045045045045045,0,0,0,0,0.0045045045045045,0,0,0,0,0,0,0,0
0,0,0,0,0,0,0,0,0,0,0,0,0,0,0,0,0,0,0,0,0,0,0,0,0,0.00246305418719212,0,0,0,0,0,0,0,0,0,0,0.00246305418719212,0.00246305418719212,0,0,0.00246305418719212,0.00246305418719212,0,0,0,0.00246305418719212,0,0.00985221674876847,0.00246305418719212,0.00738916256157635,0.00246305418719212,0.00246305418719212,0.00246305418719212,0.00246305418719212,0.00492610837438424,0.00492610837438424,0.00738916256157635,0.00985221674876847,0.00246305418719212,0,0.00738916256157635,0.00246305418719212,0.00246305418719212,0.00492610837438424,0.00246305418719212,0.00738916256157635,0.0147783251231527,0.0197044334975369,0.0197044334975369,0.0221674876847291,0.0246305418719212,0.0394088669950739,0.0197044334975369,0.0369458128078818,0.061576354679803,0.226600985221675,0.233990147783251,0.0714285714285714,0.0320197044334975,0.0147783251231527,0.0197044334975369,0.00985221674876847,0,0.00985221674876847,0.00246305418719212,0.00985221674876847,0.00492610837438424,0,0,0.00246305418719212,0,0,0,0.00246305418719212,0,0,0,0
0,0,0,0,0,0,0,0,0,0,0,0,0,0,0,0,0,0,0,0,0,0,0,0,0,0,0,0.00260416666666667,0,0,0,0.00260416666666667,0,0,0,0.00260416666666667,0,0,0,0.0078125,0,0,0,0,0.00520833333333333,0,0.00260416666666667,0.00260416666666667,0.00260416666666667,0,0.00260416666666667,0.00260416666666667,0.00260416666666667,0.00260416666666667,0,0,0.0078125,0.0078125,0.00260416666666667,0.0130208333333333,0.00520833333333333,0.00520833333333333,0.0104166666666667,0.00260416666666667,0.00260416666666667,0.00520833333333333,0.0130208333333333,0.0182291666666667,0,0.0104166666666667,0.0260416666666667,0.0130208333333333,0.0182291666666667,0.0286458333333333,0.0364583333333333,0.0598958333333333,0.213541666666667,0.2890625,0.0755208333333333,0.0338541666666667,0.0208333333333333,0.015625,0.00520833333333333,0.0104166666666667,0.00520833333333333,0.00260416666666667,0.00260416666666667,0,0,0,0,0,0,0,0,0,0,0
0,0,0,0,0,0,0,0,0,0,0,0,0,0,0,0,0,0,0,0,0,0,0,0.0033112582781457,0,0,0,0,0,0,0,0,0,0,0,0,0.0033112582781457,0,0,0.0033112582781457,0,0,0,0,0.0033112582781457,0,0,0,0.0033112582781457,0.0033112582781457,0.0033112582781457,0.00662251655629139,0.00662251655629139,0.0033112582781457,0,0,0,0.0033112582781457,0.00662251655629139,0.0033112582781457,0.0033112582781457,0,0.0165562913907285,0.00662251655629139,0.00662251655629139,0.00662251655629139,0.00662251655629139,0.00662251655629139,0.0033112582781457,0.00662251655629139,0.00993377483443709,0.0231788079470199,0.0231788079470199,0.033112582781457,0.0728476821192053,0.0397350993377483,0.0794701986754967,0.188741721854305,0.271523178807947,0.076158940397351,0.0198675496688742,0.00993377483443709,0.0264900662251656,0.0033112582781457,0,0.0033112582781457,0,0,0.0033112582781457,0,0,0,0,0,0,0,0,0
0,0,0,0,0,0,0,0,0,0,0,0,0,0,0,0,0,0,0,0,0,0,0,0,0.00452488687782805,0,0,0,0,0,0,0,0,0,0.00452488687782805,0,0,0,0,0.00452488687782805,0,0.00452488687782805,0,0.00904977375565611,0,0.00452488687782805,0,0.00452488687782805,0.00452488687782805,0.00452488687782805,0.00904977375565611,0.00452488687782805,0.00452488687782805,0.00904977375565611,0.00452488687782805,0,0,0,0.0135746606334842,0.0135746606334842,0.00904977375565611,0,0.00452488687782805,0.00452488687782805,0.00452488687782805,0.0180995475113122,0.0452488687782805,0.00904977375565611,0.00904977375565611,0.0135746606334842,0.0316742081447964,0.0271493212669683,0.0180995475113122,0.0316742081447964,0.0271493212669683,0.0316742081447964,0.0588235294117647,0.0678733031674208,0.158371040723982,0.203619909502262,0.0452488687782805,0.0361990950226244,0.00452488687782805,0.0180995475113122,0.00904977375565611,0,0.00452488687782805,0,0.00452488687782805,0,0,0,0,0,0,0,0,0
0,0,0,0,0,0,0,0,0,0,0,0,0,0,0,0,0,0,0,0,0,0,0,0,0,0,0,0,0,0,0,0,0,0,0,0.0072992700729927,0,0,0.0072992700729927,0.0072992700729927,0,0,0,0,0.0072992700729927,0,0,0.0145985401459854,0,0.0072992700729927,0.0072992700729927,0,0.0072992700729927,0,0.0072992700729927,0.0072992700729927,0,0.0218978102189781,0.0072992700729927,0.0072992700729927,0.0072992700729927,0.0072992700729927,0,0.0145985401459854,0.0072992700729927,0.0291970802919708,0.0072992700729927,0.0218978102189781,0,0.0072992700729927,0.0072992700729927,0.0364963503649635,0.0291970802919708,0.0364963503649635,0.0510948905109489,0.0291970802919708,0.0291970802919708,0.0583941605839416,0.0875912408759124,0.175182481751825,0.124087591240876,0.0437956204379562,0.0218978102189781,0,0.0218978102189781,0.0145985401459854,0.0072992700729927,0.0072992700729927,0,0,0,0,0,0,0,0,0,0
0,0,0,0,0,0,0,0,0,0,0,0,0,0,0,0,0,0,0,0,0,0,0,0,0,0,0,0,0,0,0.00970873786407767,0,0,0,0,0,0,0,0,0.00970873786407767,0,0,0,0,0,0.00970873786407767,0,0.00970873786407767,0,0,0,0,0.00970873786407767,0.0194174757281553,0,0.0194174757281553,0,0,0,0,0.00970873786407767,0.00970873786407767,0.0388349514563107,0.0194174757281553,0.029126213592233,0.00970873786407767,0.0194174757281553,0,0.0485436893203883,0.00970873786407767,0.0194174757281553,0.029126213592233,0.0388349514563107,0.00970873786407767,0.00970873786407767,0.029126213592233,0.0679611650485437,0.0679611650485437,0.058252427184466,0.0388349514563107,0.0776699029126214,0.116504854368932,0.058252427184466,0.029126213592233,0.0194174757281553,0.0194174757281553,0.0194174757281553,0.00970873786407767,0,0,0,0,0,0,0,0,0,0
0,0,0,0,0,0,0,0,0,0,0,0,0,0,0,0,0,0,0,0,0,0,0,0,0,0,0.015625,0,0,0,0,0,0,0,0,0,0,0,0,0,0.015625,0,0,0,0,0.015625,0,0,0,0,0,0,0,0,0,0,0,0.015625,0,0.03125,0.03125,0.015625,0,0.03125,0,0.03125,0.015625,0.03125,0.015625,0.03125,0.046875,0.03125,0,0,0.046875,0.0625,0.078125,0.015625,0.046875,0.015625,0.140625,0.0625,0.09375,0.015625,0.03125,0,0,0,0,0,0.015625,0,0,0,0,0,0,0
0,0,0,0,0,0,0,0,0,0,0,0,0,0,0,0,0,0,0,0,0,0,0,0,0,0,0,0,0,0,0,0.0169491525423729,0,0,0,0.0169491525423729,0,0,0,0,0,0,0,0,0.0169491525423729,0,0,0,0,0,0.0169491525423729,0,0,0.0338983050847458,0.0338983050847458,0,0,0.0169491525423729,0,0.0508474576271186,0,0.0169491525423729,0,0.0338983050847458,0,0.0169491525423729,0,0.0169491525423729,0,0,0.0169491525423729,0.0169491525423729,0.0338983050847458,0.0169491525423729,0.0677966101694915,0.0338983050847458,0.0169491525423729,0.0338983050847458,0.0338983050847458,0.0847457627118644,0.0338983050847458,0.0508474576271186,0.0508474576271186,0.0847457627118644,0.0847457627118644,0,0.0169491525423729,0.0169491525423729,0.0169491525423729,0,0,0,0,0,0,0,0,0
0,0,0,0,0,0,0,0,0,0,0,0,0,0,0,0,0,0,0,0,0.0217391304347826,0,0,0,0,0,0,0,0,0,0,0,0,0,0,0,0,0,0,0,0,0,0,0.0217391304347826,0,0,0.0217391304347826,0,0,0,0.0217391304347826,0,0.0217391304347826,0.0217391304347826,0,0.0217391304347826,0.0434782608695652,0,0,0.0217391304347826,0,0,0,0,0,0,0.0217391304347826,0.0434782608695652,0.0652173913043478,0.0217391304347826,0.0434782608695652,0,0.0434782608695652,0.0217391304347826,0,0.0652173913043478,0,0.0434782608695652,0,0.0217391304347826,0.0869565217391304,0.0869565217391304,0.0217391304347826,0.0434782608695652,0.0434782608695652,0,0.0652173913043478,0,0.0434782608695652,0,0,0,0,0,0,0,0,0
0,0,0,0,0,0,0,0,0,0,0,0,0,0,0,0,0,0,0,0,0,0,0,0,0,0,0,0,0,0,0,0,0,0,0,0,0.0357142857142857,0,0,0,0,0,0,0,0,0,0,0,0,0,0,0,0,0,0.0357142857142857,0,0,0,0.0714285714285714,0,0,0,0,0,0,0.107142857142857,0,0,0,0.0714285714285714,0.0357142857142857,0.0357142857142857,0.0714285714285714,0.0357142857142857,0.0714285714285714,0.0357142857142857,0.0714285714285714,0.0357142857142857,0,0.142857142857143,0,0,0,0,0.0714285714285714,0,0,0,0.0357142857142857,0,0,0,0,0.0357142857142857,0,0,0,0
0,0,0,0,0,0,0,0,0,0,0,0,0,0,0,0,0,0,0,0,0,0,0,0,0,0,0,0,0,0,0,0,0,0,0,0,0,0.0434782608695652,0,0,0,0,0,0,0,0,0,0,0,0.0434782608695652,0,0,0,0,0,0,0.0434782608695652,0.0434782608695652,0,0,0,0,0,0.0434782608695652,0,0.0434782608695652,0,0,0.0434782608695652,0,0.0869565217391304,0,0,0,0,0,0.0434782608695652,0,0,0.0434782608695652,0,0.0434782608695652,0.130434782608696,0.130434782608696,0,0.0434782608695652,0,0.0434782608695652,0,0.130434782608696,0,0,0,0,0,0,0,0
0,0,0,0,0,0,0,0,0,0,0,0,0,0,0,0,0,0,0,0,0,0,0,0,0,0,0.0666666666666667,0,0,0,0,0,0,0,0,0,0,0,0,0,0,0,0,0,0,0,0,0,0,0,0,0,0,0,0,0,0.0666666666666667,0,0,0.0666666666666667,0,0,0,0,0,0.0666666666666667,0,0,0.133333333333333,0.133333333333333,0,0.0666666666666667,0,0,0,0,0,0,0,0,0.0666666666666667,0.0666666666666667,0,0,0.0666666666666667,0.0666666666666667,0,0,0.0666666666666667,0.0666666666666667,0,0,0,0,0,0,0,0
0,0,0,0,0,0,0,0,0,0,0,0,0,0,0,0,0,0,0,0,0,0,0,0,0,0,0,0,0,0,0,0,0,0,0,0,0,0,0,0,0,0,0,0,0,0,0,0,0,0,0,0,0,0,0,0,0,0,0,0.0769230769230769,0,0,0,0.0769230769230769,0,0,0.0769230769230769,0,0,0,0,0,0,0,0.0769230769230769,0.0769230769230769,0.153846153846154,0,0,0,0,0.0769230769230769,0.0769230769230769,0.153846153846154,0,0,0,0,0.0769230769230769,0,0,0,0,0,0,0.0769230769230769,0,0
0,0,0,0,0,0,0,0,0,0,0,0,0,0,0,0,0,0,0,0,0,0,0,0,0,0,0,0,0,0,0,0,0,0,0,0,0,0,0,0,0,0.0625,0,0,0,0,0,0.0625,0,0,0,0,0.0625,0.0625,0,0,0.0625,0,0,0,0,0,0,0.125,0,0,0,0,0,0,0.0625,0,0,0,0,0,0.125,0,0.0625,0,0,0.0625,0,0.0625,0,0.0625,0.0625,0,0,0.0625,0,0,0,0,0,0,0,0
0,0,0,0,0,0,0,0,0,0,0,0,0,0,0,0,0,0,0,0,0,0,0,0,0,0,0,0,0,0,0,0,0,0,0,0,0,0,0,0,0,0,0,0,0,0,0,0,0,0,0,0,0,0,0,0,0,0,0,0,0,0,0,0,0,0,0,0,0.333333333333333,0,0,0,0,0,0,0,0,0,0.166666666666667,0,0,0,0,0.333333333333333,0,0,0,0.166666666666667,0,0,0,0,0,0,0,0,0,0
0,0,0,0,0,0,0,0,0,0,0,0,0,0,0,0,0,0,0,0,0,0,0,0,0,0,0,0,0,0,0,0,0,0,0,0,0,0,0.5,0,0,0,0,0,0,0,0,0,0,0,0,0,0,0,0,0,0,0,0,0,0,0,0,0,0,0,0,0,0,0,0,0,0,0,0,0,0,0,0,0.5,0,0,0,0,0,0,0,0,0,0,0,0,0,0,0,0,0,0
0,0,0,0,0,0,0,0,0,0,0,0,0,0,0,0,0,0,0,0,0,0,0,0,0,0,0,0,0,0,0,0,0,0,0,0,0,0,0,0,0,0,0,0,0,0,0,0,0,0,0,0,0,0,0,0,0,0,0,0,0,0,0,0,0,0,0,0,0,0,0,0,0,0,0,0,0,0,0,0,0,0,1,0,0,0,0,0,0,0,0,0,0,0,0,0,0,0
0,0,0,0,0,0,0,0,0,0,0,0,0,0,0,0,0,0,0,0,0,0,0,0,0,0,0,0,0,0,0,0,0,0,0,0,0,0,0,0,0,0,0,0,0,0,0,0,0,0,0,0,0,0,0,0,0,0,0,0,0,0,0,0.5,0,0,0,0,0,0,0,0,0,0,0,0,0,0,0,0,0,0.5,0,0,0,0,0,0,0,0,0,0,0,0,0,0,0,0
0,0,0,0,0,0,0,0,0,0,0,0,0,0,0,0,0,0,0,0,0,0,0,0,0,0,0,0,0,0,0,0,0,0,0,0,0,0,0,0,0,0,0,0,0,0,0,0,0,0,0,0,0,0,0,0,0,0,0,0,0,0,0,0,0,0,0,0,0,0,0,0,0,0,0,0,0,0,0,0,0,0,0,0,0,0,0,0,0,1,0,0,0,0,0,0,0,0
0,0,0,0,0,0,0,0,0,0,0,0,0,0,0,0,0,0,0,0,0,0,0,0,0,0,0,0,0,0,0,0,0,0,0,0,0,0,0,0,0,0,0,0,0,0,0,0,0,0,0,0,0,0,0,0,0,1,0,0,0,0,0,0,0,0,0,0,0,0,0,0,0,0,0,0,0,0,0,0,0,0,0,0,0,0,0,0,0,0,0,0,0,0,0,0,0,0
0,0,0,0,0,0,0,0,0,0,0,0,0,0,0,0,0,0,0,0,0,0,0,0,0,0,0,0,0,0,0,0,0,0,0,0,0,0,0,0,0,0,0,0,0,0,0,0,0,0,0,0,0,0,0,0,0,0,0,0,0,0,0,0,0,0,0,0,0,0,0,0,0,0,0,0,0,0,0,0,0,0,0,0,0,0,0,0,0,0,0,0,0,0,0,0,0,1
0,0,0,0,0,0,0,0,0,0,0,0,0,0,0,0,0,0,0,0,0,0,0,0,0,0,0,0,0,0,0,0,0,0,0,0,0,0,0,0,0,0,0,0,0,0,0,0,0,0,0,0,0,0,0,0,0,0,0,0,0,0,1,0,0,0,0,0,0,0,0,0,0,0,0,0,0,0,0,0,0,0,0,0,0,0,0,0,0,0,0,0,0,0,0,0,0,0
