0.728319209039548,0.25,0.0195621468926554,0.00155367231638418,0.000282485875706215,7.06214689265537e-05,7.06214689265537e-05,0,7.06214689265537e-05,0,0,0,0,0,0,0,0,0,0,0,0,7.06214689265537e-05,0,0,0,0,0,0,0,0,0,0,0,0,0,0,0,0,0,0,0,0,0,0,0,0,0,0,0,0,0,0,0,0,0,0,0,0,0,0,0,0,0,0,0,0,0,0,0,0,0,0,0,0,0,0,0,0,0,0,0,0,0,0,0,0,0,0,0,0,0,0,0,0,0,0,0,0,0
0.0307692307692308,0.441483516483516,0.406593406593407,0.0949175824175824,0.0181318681318681,0.00467032967032967,0.00192307692307692,0.000412087912087912,0.000412087912087912,0.000137362637362637,0.000137362637362637,0.000137362637362637,0,0,0.000137362637362637,0,0,0,0,0,0,0,0,0,0,0,0,0,0,0,0,0,0,0,0,0,0,0,0,0,0,0,0,0,0,0,0,0,0,0,0,0,0,0,0,0,0,0.000137362637362637,0,0,0,0,0,0,0,0,0,0,0,0,0,0,0,0,0,0,0,0,0,0,0,0,0,0,0,0,0,0,0,0,0,0,0,0,0,0,0,0,0
0.00458190148911798,0.0711831124202258,0.352642775323188,0.349206349206349,0.150875470463099,0.0423825887743414,0.0152184585174276,0.00687285223367698,0.00294550810014728,0.0011454753722795,0.000654557355588283,0.000490918016691213,0.000654557355588283,0.000327278677794142,0.000327278677794142,0.000327278677794142,0.000163639338897071,0,0,0,0,0,0,0,0,0,0,0,0,0,0,0,0,0,0,0,0,0,0,0,0,0,0,0,0,0,0,0,0,0,0,0,0,0,0,0,0,0,0,0,0,0,0,0,0,0,0,0,0,0,0,0,0,0,0,0,0,0,0,0,0,0,0,0,0,0,0,0,0,0,0,0,0,0,0,0,0,0,0
0.000949126803340926,0.0146165527714503,0.0970007593014427,0.287585421412301,0.315299924069856,0.169134396355353,0.0586560364464692,0.0267653758542141,0.013287775246773,0.00588458618071374,0.00360668185269552,0.00151860288534548,0.00189825360668185,0.00113895216400911,0.000949126803340926,0.000569476082004556,0,0.000569476082004556,0.000189825360668185,0,0.000189825360668185,0.000189825360668185,0,0,0,0,0,0,0,0,0,0,0,0,0,0,0,0,0,0,0,0,0,0,0,0,0,0,0,0,0,0,0,0,0,0,0,0,0,0,0,0,0,0,0,0,0,0,0,0,0,0,0,0,0,0,0,0,0,0,0,0,0,0,0,0,0,0,0,0,0,0,0,0,0,0,0,0,0
0.000407913522333265,0.00346726493983276,0.0310014276973282,0.117275137670814,0.256577605547624,0.258413216398124,0.174586987558638,0.0654701203344891,0.0352845196818275,0.0205996328778299,0.0118294921476647,0.00693452987966551,0.00550683255149908,0.00367122170099939,0.00183561085049969,0.00163165408933306,0.00142769732816643,0.0012237405669998,0.0012237405669998,0.000203956761166633,0.000407913522333265,0.000203956761166633,0.000407913522333265,0,0.000203956761166633,0,0,0.000203956761166633,0,0,0,0,0,0,0,0,0,0,0,0,0,0,0,0,0,0,0,0,0,0,0,0,0,0,0,0,0,0,0,0,0,0,0,0,0,0,0,0,0,0,0,0,0,0,0,0,0,0,0,0,0,0,0,0,0,0,0,0,0,0,0,0,0,0,0,0,0,0,0
0.0004739336492891,0.00308056872037915,0.0118483412322275,0.0492890995260664,0.124407582938389,0.197630331753554,0.246445497630332,0.187914691943128,0.0817535545023697,0.0343601895734597,0.0206161137440758,0.0127962085308057,0.00995260663507109,0.00402843601895735,0.00355450236966825,0.0028436018957346,0.00213270142180095,0.0014218009478673,0.0014218009478673,0.000710900473933649,0.00118483412322275,0.000710900473933649,0.00023696682464455,0,0,0,0.00023696682464455,0.00023696682464455,0.00023696682464455,0,0.00023696682464455,0,0,0,0,0,0,0,0.00023696682464455,0,0,0,0,0,0,0,0,0,0,0,0,0,0,0,0,0,0,0,0,0,0,0,0,0,0,0,0,0,0,0,0,0,0,0,0,0,0,0,0,0,0,0,0,0,0,0,0,0,0,0,0,0,0,0,0,0,0,0,0
0,0.000730994152046784,0.00682261208576998,0.0207115009746589,0.0555555555555556,0.120614035087719,0.194444444444444,0.210526315789474,0.167641325536062,0.0886939571150097,0.0445906432748538,0.0292397660818713,0.0158382066276803,0.0146198830409357,0.00730994152046784,0.00316764132553606,0.00389863547758285,0.00462962962962963,0.00194931773879142,0.0017056530214425,0.00121832358674464,0.00121832358674464,0.00121832358674464,0.00121832358674464,0.000243664717348928,0.000730994152046784,0,0.000243664717348928,0.000487329434697856,0,0,0.000243664717348928,0,0,0,0,0,0,0,0,0,0,0,0,0.000243664717348928,0,0,0,0,0,0,0,0.000243664717348928,0,0,0,0,0,0,0,0,0,0,0,0,0,0,0,0,0,0,0,0,0,0,0,0,0,0,0,0,0,0,0,0,0,0,0,0,0,0,0,0,0,0,0,0,0,0
0,0.00107353730542136,0.00295222758990875,0.0120772946859903,0.0249597423510467,0.0595813204508857,0.118894256575416,0.170424047235641,0.187063875469673,0.179280730005368,0.0896403650026838,0.0496511003757381,0.0276435856146001,0.0182501341921632,0.0131508319914117,0.00912506709608159,0.00778314546430488,0.0072463768115942,0.00375738056897477,0.00429414922168545,0.00268384326355341,0.0013419216317767,0.0013419216317767,0.0013419216317767,0.00214707461084273,0.000536768652710682,0.000536768652710682,0,0.00107353730542136,0.000268384326355341,0,0.000268384326355341,0.000268384326355341,0,0.000536768652710682,0,0.000268384326355341,0,0,0,0,0,0,0.000268384326355341,0,0,0,0,0,0,0.000268384326355341,0,0,0,0,0,0,0,0,0,0,0,0,0,0,0,0,0,0,0,0,0,0,0,0,0,0,0,0,0,0,0,0,0,0,0,0,0,0,0,0,0,0,0,0,0,0,0,0
0.000282805429864253,0,0.00254524886877828,0.00537330316742081,0.0172511312217195,0.0319570135746606,0.0605203619909502,0.112556561085973,0.167986425339367,0.171097285067873,0.175622171945701,0.0839932126696833,0.0472285067873303,0.0347850678733032,0.0197963800904977,0.0152714932126697,0.0155542986425339,0.00763574660633484,0.00509049773755656,0.00367647058823529,0.00367647058823529,0.00311085972850679,0.00282805429864253,0.00141402714932127,0.00113122171945701,0.00197963800904977,0.000565610859728507,0.00113122171945701,0.00084841628959276,0.000565610859728507,0.000565610859728507,0.000282805429864253,0,0,0.00084841628959276,0.000565610859728507,0,0.000565610859728507,0,0,0.000565610859728507,0.000282805429864253,0,0.000282805429864253,0,0.000282805429864253,0,0.000282805429864253,0,0,0,0,0,0,0,0,0,0,0,0,0,0,0,0,0,0,0,0,0,0,0,0,0,0,0,0,0,0,0,0,0,0,0,0,0,0,0,0,0,0,0,0,0,0,0,0,0,0,0
0,0.000617856039542787,0.00123571207908557,0.00370713623725672,0.0111214087117702,0.0222428174235403,0.0429409947482237,0.0654927401915354,0.114612295335187,0.143651529193698,0.149830089589126,0.171763978992895,0.0837194933580476,0.0531356194006796,0.0379981464318814,0.0240963855421687,0.0179178251467408,0.0163731850478838,0.00803212851405622,0.00556070435588508,0.00308928019771393,0.00432499227679951,0.0046339202965709,0.00123571207908557,0.00185356811862836,0.00247142415817115,0.00185356811862836,0.000308928019771393,0.00123571207908557,0.00092678405931418,0.00092678405931418,0.00092678405931418,0,0.000617856039542787,0,0,0.000308928019771393,0,0,0.000308928019771393,0.000308928019771393,0.000308928019771393,0,0,0,0,0,0,0,0,0,0.000308928019771393,0,0,0,0,0,0,0,0,0,0,0,0,0,0,0,0,0,0,0,0,0,0,0,0,0,0,0,0,0,0,0,0,0,0,0,0,0,0,0,0,0,0,0,0,0,0,0
0,0.000332336324360253,0.000664672648720505,0.00132934529744101,0.00498504486540379,0.00797607178464606,0.034230641409106,0.0425390495181123,0.071119973413094,0.0897308075772682,0.1312728481223,0.14523097374543,0.165171153207046,0.0980392156862745,0.0505151213027584,0.0365569956796278,0.0325689597873048,0.0209371884346959,0.0169491525423729,0.0116317713526088,0.00797607178464606,0.00365569956796278,0.00265869059488202,0.00365569956796278,0.00232635427052177,0.00232635427052177,0.00132934529744101,0.00265869059488202,0.00299102691924227,0.000997008973080758,0.000997008973080758,0.000664672648720505,0.000664672648720505,0,0.000664672648720505,0.000997008973080758,0.000997008973080758,0,0.000332336324360253,0.000332336324360253,0.000332336324360253,0.000332336324360253,0.000332336324360253,0,0,0,0,0.000332336324360253,0,0,0,0,0,0,0,0,0,0.000332336324360253,0,0.000332336324360253,0,0,0,0,0,0,0,0,0,0,0,0,0,0,0,0,0,0,0,0,0,0,0,0,0,0,0,0,0,0,0,0,0,0,0,0,0,0,0
0,0,0.00141242937853107,0.00282485875706215,0.00529661016949153,0.00918079096045198,0.0105932203389831,0.0264830508474576,0.0413135593220339,0.0685028248587571,0.0907485875706215,0.123234463276836,0.131709039548023,0.15819209039548,0.103813559322034,0.0586158192090395,0.0399011299435028,0.0286016949152542,0.0247175141242938,0.0144774011299435,0.0148305084745763,0.00882768361581921,0.0067090395480226,0.00600282485875706,0.00353107344632768,0.00282485875706215,0.00317796610169492,0.00211864406779661,0.00247175141242938,0.00176553672316384,0.00141242937853107,0.00105932203389831,0.000706214689265537,0.00141242937853107,0.000353107344632768,0.000353107344632768,0.000353107344632768,0.000353107344632768,0.000353107344632768,0.000353107344632768,0,0,0.000706214689265537,0,0,0,0.000353107344632768,0,0,0,0,0,0,0,0,0,0,0,0,0,0,0,0,0,0,0,0,0,0.000353107344632768,0,0,0,0,0,0,0,0,0,0,0,0,0,0,0,0,0,0,0,0,0,0,0,0,0,0,0,0,0,0
0,0,0,0.00193124758594052,0.00270374662031672,0.00502124372344535,0.00888373889532638,0.0169949787562766,0.0316724604094245,0.048667439165701,0.0625724217844728,0.100038624951719,0.110467361915798,0.128621089223638,0.151796060254925,0.0942448821938973,0.0575511780610274,0.0421011973735033,0.0305137118578602,0.0231749710312862,0.0189262263422171,0.0100424874468907,0.0115874855156431,0.00540749324063345,0.00540749324063345,0.00463499420625724,0.00386249517188104,0.00463499420625724,0.00424874468906914,0.00231749710312862,0.00115874855156431,0.000772499034376207,0.000386249517188104,0.00154499806875241,0.00115874855156431,0.00115874855156431,0.000386249517188104,0.000386249517188104,0.000386249517188104,0,0,0.000386249517188104,0.000386249517188104,0,0,0,0.000772499034376207,0,0.000386249517188104,0.000386249517188104,0.000386249517188104,0.000386249517188104,0,0,0.000386249517188104,0,0.000386249517188104,0,0,0,0.000772499034376207,0,0,0,0,0,0,0,0,0,0,0,0,0,0,0,0,0,0,0,0,0,0,0,0,0,0,0,0,0,0,0,0,0,0,0,0,0,0
0.000404694455685957,0,0.000404694455685957,0.000809388911371914,0.00242816673411574,0.00687980574666127,0.00971266693646297,0.0109267503035208,0.0254957507082153,0.0352084176446783,0.047349251315257,0.0619182517199514,0.0841764467826791,0.0922703358963982,0.126669364629705,0.149332254148118,0.0999595305544314,0.05706191825172,0.03804127883448,0.0331849453662485,0.0271145285309591,0.0145690004046945,0.0105220558478349,0.0113314447592068,0.0101173613921489,0.00445163901254553,0.00728450020234723,0.00485633346823148,0.00485633346823148,0.00364225010117361,0.0028328611898017,0.00404694455685957,0.00202347227842979,0.000404694455685957,0.00202347227842979,0.00121408336705787,0.000404694455685957,0.000404694455685957,0.00121408336705787,0.000404694455685957,0,0.000809388911371914,0.000404694455685957,0.000809388911371914,0.000404694455685957,0.000404694455685957,0.000404694455685957,0,0,0.000404694455685957,0,0,0,0.000404694455685957,0,0,0,0,0,0,0,0,0,0,0,0,0,0,0,0,0,0,0,0,0,0,0,0,0,0,0,0,0,0,0,0,0,0,0,0,0,0,0,0,0,0,0,0,0
0,0,0,0.000408163265306122,0.00244897959183673,0.0036734693877551,0.00653061224489796,0.0118367346938776,0.0183673469387755,0.0220408163265306,0.0330612244897959,0.0493877551020408,0.0673469387755102,0.083265306122449,0.104489795918367,0.105714285714286,0.135510204081633,0.0889795918367347,0.0583673469387755,0.0395918367346939,0.0346938775510204,0.0236734693877551,0.0187755102040816,0.0155102040816327,0.0126530612244898,0.00979591836734694,0.00571428571428571,0.00857142857142857,0.00448979591836735,0.00408163265306122,0.00326530612244898,0.00408163265306122,0.00653061224489796,0.00244897959183673,0.00163265306122449,0.00244897959183673,0.00122448979591837,0.00244897959183673,0.00163265306122449,0.000408163265306122,0.000816326530612245,0,0,0.000816326530612245,0.000408163265306122,0,0.000816326530612245,0,0.000816326530612245,0,0.000408163265306122,0,0.000408163265306122,0,0,0,0,0,0,0,0,0,0,0,0,0.000408163265306122,0,0,0,0,0,0,0,0,0,0,0,0,0,0,0,0,0,0,0,0,0,0,0,0,0,0,0,0,0,0,0,0,0
0,0,0,0.000453103760761214,0.00226551880380607,0.000906207521522429,0.00453103760761214,0.00679655641141822,0.0104213864975079,0.0185772541912098,0.0299048482102401,0.0335296782963299,0.0489352061622111,0.057091073855913,0.0792931581332125,0.0901676483914817,0.111010421386498,0.148618033529678,0.0933393747168102,0.0602628001812415,0.0385138196647032,0.0312641594925238,0.0231082917988219,0.0185772541912098,0.0172179429089261,0.0113275940190304,0.00996828273674671,0.00860897145446307,0.00679655641141822,0.006343452650657,0.00498414136837336,0.00362483008608971,0.00543724512913457,0.000906207521522429,0.0031717263253285,0.00362483008608971,0.00226551880380607,0.00226551880380607,0.000453103760761214,0,0.000453103760761214,0,0,0.000906207521522429,0,0.000453103760761214,0.000453103760761214,0,0,0,0.000906207521522429,0.000453103760761214,0,0.000453103760761214,0,0,0.000453103760761214,0,0,0.000453103760761214,0,0,0,0.000453103760761214,0,0,0,0,0,0,0,0,0,0,0,0,0,0,0,0,0,0,0,0,0,0,0,0,0,0,0,0,0,0,0,0,0,0,0
0,0,0,0.000911992704058368,0,0.000911992704058368,0.00410396716826265,0.00683994528043776,0.010031919744642,0.0113999088007296,0.0209758321933425,0.0264477884176927,0.0369357045143639,0.0433196534427725,0.0629274965800274,0.0734154126766986,0.0902872777017784,0.105335157318741,0.137254901960784,0.0889192886456908,0.0551755585955312,0.0378476972184223,0.0296397628818969,0.0300957592339261,0.0191518467852257,0.0177838577291382,0.0150478796169631,0.0118559051527588,0.00820793433652531,0.010031919744642,0.00683994528043776,0.00455996352029184,0.00364797081623347,0.00410396716826265,0.00227998176014592,0.00319197446420429,0.0027359781121751,0.00364797081623347,0.000911992704058368,0.00136798905608755,0.00182398540811674,0.000911992704058368,0.000911992704058368,0.000911992704058368,0.000455996352029184,0.00136798905608755,0,0.00182398540811674,0,0.000455996352029184,0.00136798905608755,0,0,0.000455996352029184,0,0.000455996352029184,0,0,0,0,0,0.000455996352029184,0,0,0,0,0,0,0,0,0,0,0,0.000455996352029184,0,0,0,0,0,0,0,0,0,0,0,0,0,0,0,0,0,0,0,0,0,0,0,0,0
0,0,0,0.000478240076518412,0.00239120038259206,0.00143472022955524,0.00239120038259206,0.00717360114777618,0.0076518412242946,0.0100430416068867,0.0167384026781444,0.0210425633668101,0.0229555236728838,0.0353897656623625,0.0487804878048781,0.0487804878048781,0.0736489717838355,0.087039693926351,0.10234337637494,0.142993782879005,0.0994739359158297,0.0540411286465806,0.0363462458153993,0.0267814442850311,0.0229555236728838,0.0186513629842181,0.0172166427546628,0.0148254423720708,0.013868962219034,0.0148254423720708,0.00334768053562889,0.00621712099473936,0.00334768053562889,0.00478240076518412,0.00621712099473936,0.00430416068866571,0.00430416068866571,0.00239120038259206,0.0038259206121473,0.00191296030607365,0.00239120038259206,0.000956480153036825,0.000956480153036825,0.00143472022955524,0.000478240076518412,0,0.000956480153036825,0.000478240076518412,0,0,0,0,0,0,0,0,0,0,0,0.000478240076518412,0.000478240076518412,0,0.000478240076518412,0,0,0,0,0,0,0,0,0,0,0,0,0,0,0,0,0,0,0,0,0,0,0,0,0,0,0,0,0,0,0,0,0,0,0,0
0,0,0,0,0,0.000993541977148535,0.00347739692001987,0.00397416790859414,0.00645802285146547,0.00993541977148535,0.0139095876800795,0.0193740685543964,0.0163934426229508,0.0293094883258818,0.0437158469945355,0.0397416790859414,0.0640834575260805,0.0615996025832091,0.070541480377546,0.12220566318927,0.132141082960755,0.0909090909090909,0.0516641828117238,0.0367610531544958,0.0307998012916046,0.0243417784401391,0.022354694485842,0.0163934426229508,0.0144063586686538,0.00894187779433681,0.00993541977148535,0.00745156482861401,0.00645802285146547,0.00496770988574267,0.00546448087431694,0.00496770988574267,0.00347739692001987,0.00347739692001987,0.0029806259314456,0.00248385494287134,0.000993541977148535,0.0014903129657228,0.00198708395429707,0.000993541977148535,0.000993541977148535,0.0014903129657228,0.000496770988574267,0.000496770988574267,0,0.0014903129657228,0.000993541977148535,0,0,0,0,0,0,0,0.0014903129657228,0,0.000496770988574267,0,0,0,0,0,0.000496770988574267,0,0,0,0,0,0,0,0,0,0,0,0,0,0,0,0,0,0,0,0,0,0,0,0,0,0,0,0,0,0,0,0
0,0,0,0,0.000512295081967213,0.00102459016393443,0.00102459016393443,0.00409836065573771,0.00307377049180328,0.00461065573770492,0.00922131147540984,0.0112704918032787,0.016905737704918,0.0220286885245902,0.0348360655737705,0.0379098360655738,0.0420081967213115,0.0486680327868852,0.0722336065573771,0.0876024590163934,0.108094262295082,0.118340163934426,0.101434426229508,0.0450819672131148,0.0440573770491803,0.0276639344262295,0.0322745901639344,0.0194672131147541,0.0158811475409836,0.0133196721311475,0.0117827868852459,0.0122950819672131,0.00563524590163934,0.00563524590163934,0.00358606557377049,0.00512295081967213,0.00256147540983607,0.00307377049180328,0.00358606557377049,0.00256147540983607,0.00204918032786885,0.00307377049180328,0.00256147540983607,0.00256147540983607,0.00102459016393443,0.00153688524590164,0.00153688524590164,0,0.000512295081967213,0.00153688524590164,0,0.000512295081967213,0.00102459016393443,0.000512295081967213,0,0,0.000512295081967213,0,0,0,0,0,0,0.00102459016393443,0,0,0,0.000512295081967213,0,0.000512295081967213,0,0,0,0,0,0,0,0,0.000512295081967213,0,0,0,0,0,0,0,0,0,0,0,0,0,0,0,0,0,0,0,0
0,0,0,0,0,0.000527426160337553,0.00105485232067511,0.00369198312236287,0.00421940928270042,0.00738396624472574,0.00791139240506329,0.00791139240506329,0.0105485232067511,0.0121308016877637,0.0195147679324895,0.0316455696202532,0.0374472573839662,0.0427215189873418,0.0527426160337553,0.0527426160337553,0.0949367088607595,0.112869198312236,0.142405063291139,0.0965189873417722,0.0464135021097046,0.040084388185654,0.0290084388185654,0.0253164556962025,0.0226793248945148,0.0147679324894515,0.00949367088607595,0.0089662447257384,0.0089662447257384,0.0110759493670886,0.00738396624472574,0.00632911392405063,0.00527426160337553,0.00527426160337553,0.00210970464135021,0.00158227848101266,0.00105485232067511,0.00158227848101266,0.00210970464135021,0.000527426160337553,0.00158227848101266,0.000527426160337553,0.000527426160337553,0.00105485232067511,0.00105485232067511,0.00105485232067511,0,0.000527426160337553,0.00105485232067511,0,0,0.000527426160337553,0,0,0.000527426160337553,0.000527426160337553,0.000527426160337553,0,0,0.000527426160337553,0,0,0.000527426160337553,0.000527426160337553,0,0,0,0,0,0,0,0,0,0,0,0,0,0,0,0,0,0,0,0,0,0,0,0,0,0,0,0,0,0,0
0,0,0,0,0.000586510263929619,0,0.00293255131964809,0.000586510263929619,0.00410557184750733,0.00469208211143695,0.00645161290322581,0.00527859237536657,0.00821114369501466,0.0181818181818182,0.0187683284457478,0.0211143695014663,0.0275659824046921,0.0416422287390029,0.0387096774193548,0.0498533724340176,0.0527859237536657,0.0979472140762463,0.110850439882698,0.120234604105572,0.0780058651026393,0.0580645161290323,0.0398826979472141,0.0281524926686217,0.032258064516129,0.0164222873900293,0.0205278592375367,0.00821114369501466,0.0164222873900293,0.0105571847507331,0.00762463343108504,0.00527859237536657,0.00762463343108504,0.00469208211143695,0.00527859237536657,0.00410557184750733,0.00351906158357771,0.00410557184750733,0.00293255131964809,0.00351906158357771,0.000586510263929619,0.00175953079178886,0.000586510263929619,0.00293255131964809,0,0.000586510263929619,0.00117302052785924,0.00117302052785924,0.000586510263929619,0.000586510263929619,0.000586510263929619,0,0.000586510263929619,0,0,0.000586510263929619,0.000586510263929619,0,0,0,0,0,0,0,0,0,0,0,0,0,0,0,0,0,0,0,0,0,0,0,0,0,0,0,0,0,0,0,0,0,0,0,0,0,0
0,0,0.000578368999421631,0,0.00115673799884326,0.000578368999421631,0.000578368999421631,0,0.00520532099479468,0.00578368999421631,0.00347021399652979,0.00867553499132447,0.00983227299016773,0.0115673799884326,0.0138808559861191,0.0161943319838057,0.0231347599768652,0.0306535569693464,0.0352805089647195,0.0474262579525737,0.0537883169462117,0.05320994794679,0.0746096009253904,0.101792943898207,0.1417004048583,0.0838635049161365,0.0410641989589358,0.0410641989589358,0.0294968189705032,0.0271833429728167,0.0173510699826489,0.0167727009832273,0.0127241179872759,0.010989010989011,0.0133024869866975,0.0092539039907461,0.00694042799305957,0.00809716599190283,0.00404858299595142,0.00636205899363794,0.00347021399652979,0.00520532099479468,0.00347021399652979,0.00173510699826489,0.00289184499710815,0.000578368999421631,0.00231347599768652,0.00173510699826489,0.000578368999421631,0.000578368999421631,0.000578368999421631,0.00173510699826489,0,0.00115673799884326,0.00173510699826489,0.000578368999421631,0,0.000578368999421631,0.000578368999421631,0.00115673799884326,0,0.000578368999421631,0.000578368999421631,0.000578368999421631,0,0,0,0,0,0,0,0,0,0,0,0,0,0,0,0,0,0,0,0,0,0,0,0,0,0,0,0,0,0,0,0,0,0,0
0,0,0,0,0,0.00061576354679803,0.00123152709359606,0.00307881773399015,0.00184729064039409,0.00492610837438424,0.0061576354679803,0.00307881773399015,0.00677339901477833,0.0123152709359606,0.0147783251231527,0.0197044334975369,0.0147783251231527,0.0221674876847291,0.0320197044334975,0.0344827586206897,0.0381773399014778,0.0498768472906404,0.0523399014778325,0.082512315270936,0.0966748768472906,0.112068965517241,0.0862068965517241,0.0474137931034483,0.0344827586206897,0.0363300492610837,0.0258620689655172,0.021551724137931,0.020935960591133,0.0197044334975369,0.0135467980295567,0.0153940886699507,0.00985221674876847,0.00800492610837438,0.00677339901477833,0.00431034482758621,0.00554187192118227,0.00677339901477833,0.00123152709359606,0.00184729064039409,0.00307881773399015,0.00184729064039409,0.00184729064039409,0.00184729064039409,0.00061576354679803,0.00246305418719212,0.00184729064039409,0.00061576354679803,0.00123152709359606,0.00061576354679803,0.00123152709359606,0.00123152709359606,0,0.00184729064039409,0.00123152709359606,0.00123152709359606,0,0,0,0,0.00061576354679803,0.00061576354679803,0,0,0,0,0,0.00061576354679803,0,0,0,0,0,0,0,0,0,0,0,0,0,0,0,0,0,0,0,0,0,0,0,0,0,0,0
0,0,0,0,0.000640614990390775,0,0.00128122998078155,0.0025624599615631,0.0025624599615631,0.0025624599615631,0.00384368994234465,0.00576553491351698,0.00640614990390775,0.0051249199231262,0.0153747597693786,0.0121716848174247,0.0153747597693786,0.025624599615631,0.0294682895579757,0.0275464445868033,0.0333119795003203,0.0352338244714926,0.0467648942985266,0.0506085842408712,0.0704676489429853,0.0928891736066624,0.137732222934017,0.0877642536835362,0.0448430493273543,0.0409993593850096,0.0384368994234465,0.0185778347213325,0.0153747597693786,0.0179372197309417,0.0140935297885971,0.011531069827034,0.00832799487508008,0.011531069827034,0.0128122998078155,0.0076873798846893,0.00640614990390775,0.0051249199231262,0.00448430493273543,0.0051249199231262,0.00320307495195388,0.00384368994234465,0.0025624599615631,0.00128122998078155,0.00128122998078155,0.0025624599615631,0,0,0.00128122998078155,0,0.00128122998078155,0.00192184497117233,0,0.00192184497117233,0,0,0.000640614990390775,0,0.000640614990390775,0.000640614990390775,0,0,0,0,0,0,0,0,0,0,0.000640614990390775,0,0.000640614990390775,0.000640614990390775,0.000640614990390775,0,0,0,0,0,0,0,0,0,0,0,0,0,0,0,0,0,0,0,0
0,0,0,0.000680272108843537,0.000680272108843537,0,0.00272108843537415,0.000680272108843537,0.000680272108843537,0.00340136054421769,0.00476190476190476,0.00680272108843537,0.00816326530612245,0.00408163265306122,0.0129251700680272,0.0149659863945578,0.0136054421768707,0.0217687074829932,0.0210884353741497,0.0292517006802721,0.026530612244898,0.0251700680272109,0.0319727891156463,0.0510204081632653,0.0517006802721088,0.063265306122449,0.0789115646258503,0.125170068027211,0.0931972789115646,0.0462585034013605,0.0360544217687075,0.0333333333333333,0.0299319727891156,0.0183673469387755,0.0210884353741497,0.0170068027210884,0.0102040816326531,0.0129251700680272,0.0115646258503401,0.00952380952380952,0.00680272108843537,0.00612244897959184,0.0054421768707483,0.00408163265306122,0.00408163265306122,0.00272108843537415,0.00680272108843537,0.00204081632653061,0.00476190476190476,0.00272108843537415,0.00476190476190476,0.000680272108843537,0.00204081632653061,0.000680272108843537,0.00136054421768707,0.000680272108843537,0.00136054421768707,0,0.000680272108843537,0.000680272108843537,0,0.000680272108843537,0,0.000680272108843537,0.000680272108843537,0,0,0,0,0,0,0,0,0,0,0,0,0,0,0,0,0,0,0,0,0,0,0,0,0,0,0,0,0,0,0,0,0,0
0,0,0,0,0,0,0.00336927223719677,0.000673854447439353,0.00336927223719677,0.00336927223719677,0.00202156334231806,0.00336927223719677,0.00606469002695418,0.00404312668463612,0.00673854447439353,0.0134770889487871,0.0154986522911051,0.0154986522911051,0.0181940700808625,0.0195417789757412,0.0276280323450135,0.022911051212938,0.0350404312668464,0.034366576819407,0.0478436657681941,0.0539083557951483,0.0707547169811321,0.0828840970350404,0.111185983827493,0.0869272237196766,0.0512129380053908,0.0471698113207547,0.0289757412398922,0.0303234501347709,0.0262803234501348,0.0161725067385445,0.0134770889487871,0.00876010781671159,0.0128032345013477,0.00876010781671159,0.00673854447439353,0.00673854447439353,0.00673854447439353,0.00404312668463612,0.00471698113207547,0.00539083557951483,0.00336927223719677,0.00471698113207547,0.00269541778975741,0.00336927223719677,0.000673854447439353,0.000673854447439353,0.00269541778975741,0.00202156334231806,0.000673854447439353,0.00134770889487871,0.00202156334231806,0.00134770889487871,0.00269541778975741,0.000673854447439353,0.000673854447439353,0.00134770889487871,0,0,0.000673854447439353,0,0.000673854447439353,0.000673854447439353,0,0,0,0,0,0,0,0,0,0,0,0,0,0,0,0,0,0,0,0,0,0,0,0,0,0,0,0,0,0,0
0,0,0,0,0,0,0.00213523131672598,0,0.000711743772241993,0.00355871886120996,0.00427046263345196,0.00213523131672598,0.00284697508896797,0.00569395017793594,0.00640569395017794,0.0113879003558719,0.00498220640569395,0.0113879003558719,0.0142348754448399,0.0213523131672598,0.0213523131672598,0.0263345195729537,0.0249110320284698,0.0362989323843416,0.0448398576512456,0.0476868327402135,0.0583629893238434,0.0697508896797153,0.0861209964412811,0.135943060498221,0.0804270462633452,0.0455516014234875,0.0320284697508897,0.0370106761565836,0.0334519572953737,0.0106761565836299,0.0192170818505338,0.0120996441281139,0.0120996441281139,0.0099644128113879,0.00427046263345196,0.00569395017793594,0.00427046263345196,0.0106761565836299,0.00284697508896797,0.00284697508896797,0.00427046263345196,0.00498220640569395,0.000711743772241993,0.00213523131672598,0.00284697508896797,0.00213523131672598,0.00142348754448399,0.00142348754448399,0.00213523131672598,0.00142348754448399,0.000711743772241993,0.000711743772241993,0,0.00213523131672598,0.000711743772241993,0.000711743772241993,0,0.000711743772241993,0.000711743772241993,0.00142348754448399,0.00142348754448399,0,0,0,0,0,0,0,0,0,0,0,0,0,0,0,0,0.000711743772241993,0.000711743772241993,0,0,0,0,0,0,0,0,0,0,0,0,0,0
0,0,0,0,0,0.000745712155108128,0.00149142431021626,0.00149142431021626,0,0.00149142431021626,0.00372856077554064,0.00149142431021626,0.00223713646532438,0.00372856077554064,0.00745712155108128,0.0104399701715138,0.00820283370618941,0.00820283370618941,0.0149142431021626,0.00969425801640567,0.0186428038777032,0.0283370618941089,0.0365398956002983,0.0283370618941089,0.0298284862043251,0.0395227442207308,0.0395227442207308,0.0499627143922446,0.0663683818046234,0.0850111856823266,0.129008202833706,0.0768083519761372,0.0447427293064877,0.0357941834451902,0.0283370618941089,0.0275913497390007,0.0216256524981357,0.0178970917225951,0.0141685309470544,0.0149142431021626,0.0111856823266219,0.00894854586129754,0.00894854586129754,0.00596569724086503,0.00596569724086503,0.00745712155108128,0.00447427293064877,0.0052199850857569,0.00372856077554064,0.00372856077554064,0.00298284862043251,0.00298284862043251,0.00372856077554064,0.00223713646532438,0.00372856077554064,0.000745712155108128,0.000745712155108128,0.00223713646532438,0.00149142431021626,0,0.000745712155108128,0.000745712155108128,0,0.000745712155108128,0,0,0.00149142431021626,0,0,0,0,0,0,0,0,0.00149142431021626,0,0,0,0,0,0,0,0,0,0,0,0,0,0,0,0,0,0,0,0,0,0,0
0,0,0,0,0,0,0,0.00076219512195122,0.00152439024390244,0.00152439024390244,0,0.00228658536585366,0.0038109756097561,0.0038109756097561,0.00533536585365854,0.00457317073170732,0.00838414634146342,0.00838414634146342,0.0175304878048781,0.013719512195122,0.0129573170731707,0.0198170731707317,0.0266768292682927,0.0228658536585366,0.0358231707317073,0.03125,0.0358231707317073,0.0434451219512195,0.0434451219512195,0.0525914634146341,0.0838414634146342,0.126524390243902,0.086890243902439,0.0457317073170732,0.0434451219512195,0.0350609756097561,0.0266768292682927,0.0282012195121951,0.0152439024390244,0.0121951219512195,0.013719512195122,0.0114329268292683,0.0106707317073171,0.013719512195122,0.00762195121951219,0.00533536585365854,0.00304878048780488,0.00609756097560976,0.0038109756097561,0.00304878048780488,0.00152439024390244,0.00152439024390244,0.00457317073170732,0.00152439024390244,0.00152439024390244,0.00228658536585366,0,0.00076219512195122,0.00152439024390244,0,0.00152439024390244,0.00152439024390244,0.00152439024390244,0,0,0,0,0,0,0.00076219512195122,0,0,0,0,0,0,0,0,0,0,0.00076219512195122,0,0,0,0,0,0,0,0,0,0,0,0,0,0,0,0,0,0
0,0,0,0.000773395204949729,0,0,0,0,0.000773395204949729,0.000773395204949729,0,0.00154679040989946,0.00309358081979892,0.00541376643464811,0.00386697602474865,0.00850734725444702,0.00773395204949729,0.0100541376643465,0.00696055684454756,0.0123743232791957,0.00618716163959783,0.0123743232791957,0.0139211136890951,0.0232018561484919,0.0270688321732405,0.0317092034029389,0.0355761794276876,0.0378963650425367,0.0433101314771848,0.045630317092034,0.0696055684454756,0.074245939675174,0.0982211910286156,0.0812064965197216,0.0510440835266821,0.0394431554524362,0.0402165506573859,0.0340293890177881,0.0262954369682908,0.0177880897138438,0.0116009280742459,0.017014694508894,0.00773395204949729,0.0108275328692962,0.0185614849187935,0.00541376643464811,0.00618716163959783,0.00541376643464811,0.00386697602474865,0.00386697602474865,0.00464037122969838,0.00386697602474865,0.00232018561484919,0.00232018561484919,0.00386697602474865,0.00232018561484919,0.00154679040989946,0.00154679040989946,0.00154679040989946,0.00154679040989946,0.000773395204949729,0,0.00154679040989946,0.00154679040989946,0.000773395204949729,0,0.000773395204949729,0.00154679040989946,0,0.00309358081979892,0,0,0,0,0.000773395204949729,0,0.00154679040989946,0,0.000773395204949729,0,0,0,0,0,0,0,0,0,0,0,0,0,0,0,0,0,0,0,0
0,0,0,0,0,0.000805152979066023,0,0.000805152979066023,0.000805152979066023,0,0.00483091787439614,0.00241545893719807,0.00322061191626409,0.00402576489533011,0.00563607085346216,0.00402576489533011,0.00483091787439614,0.00483091787439614,0.00966183574879227,0.00966183574879227,0.0112721417069243,0.00966183574879227,0.0201288244766506,0.0225442834138486,0.0161030595813204,0.0201288244766506,0.0314009661835749,0.0322061191626409,0.0458937198067633,0.0410628019323672,0.0499194847020934,0.0652173913043478,0.071658615136876,0.121578099838969,0.0893719806763285,0.0410628019323672,0.0386473429951691,0.0257648953301127,0.0225442834138486,0.0217391304347826,0.0201288244766506,0.0136876006441224,0.0161030595813204,0.0185185185185185,0.0104669887278583,0.00563607085346216,0.00644122383252818,0.00966183574879227,0.00563607085346216,0.00483091787439614,0.00241545893719807,0.00402576489533011,0.00241545893719807,0.000805152979066023,0.00161030595813205,0.00161030595813205,0.00241545893719807,0.000805152979066023,0,0.00241545893719807,0.000805152979066023,0.000805152979066023,0.00161030595813205,0.00322061191626409,0.00161030595813205,0.000805152979066023,0.000805152979066023,0.00241545893719807,0.000805152979066023,0.000805152979066023,0,0,0,0.00161030595813205,0,0.000805152979066023,0,0,0.000805152979066023,0,0,0,0,0,0,0,0,0,0,0,0,0,0,0,0,0,0,0,0
0,0,0,0,0,0,0,0.00182315405651778,0.00182315405651778,0.000911577028258888,0.000911577028258888,0.000911577028258888,0.00273473108477666,0.00364630811303555,0.00455788514129444,0.00820419325432999,0.00455788514129444,0.00911577028258888,0.0100273473108478,0.00638103919781222,0.00820419325432999,0.0072926162260711,0.0127620783956244,0.0200546946216955,0.0200546946216955,0.0191431175934366,0.0300820419325433,0.0364630811303555,0.0237010027347311,0.0419325432999088,0.03281677301732,0.0546946216955333,0.0501367365542388,0.0829535095715588,0.125797629899727,0.0747493163172288,0.0474020054694622,0.0364630811303555,0.02461257976299,0.0282588878760255,0.0173199635369189,0.0237010027347311,0.0100273473108478,0.0109389243391067,0.0182315405651778,0.0136736554238833,0.00546946216955333,0.00273473108477666,0.0072926162260711,0.0072926162260711,0.00546946216955333,0.00638103919781222,0.00820419325432999,0.00364630811303555,0.00182315405651778,0.00364630811303555,0.00273473108477666,0.00273473108477666,0.000911577028258888,0.00182315405651778,0.000911577028258888,0.00182315405651778,0.00182315405651778,0.00182315405651778,0.000911577028258888,0.000911577028258888,0,0,0,0.000911577028258888,0.00182315405651778,0,0,0,0,0,0,0,0,0.000911577028258888,0,0,0,0,0,0,0,0,0.000911577028258888,0,0,0,0,0,0,0,0,0,0
0,0,0,0,0,0.000887311446317658,0,0,0,0.00177462289263532,0.00266193433895297,0.00266193433895297,0.000887311446317658,0,0.00177462289263532,0.00266193433895297,0.00266193433895297,0.00266193433895297,0.00709849157054126,0.00976042590949423,0.0106477373558119,0.00976042590949423,0.0168589174800355,0.0186335403726708,0.0141969831410825,0.0239574090505768,0.0301685891748004,0.0346051464063886,0.0212954747116238,0.0319432120674357,0.0399290150842946,0.0399290150842946,0.0381543921916593,0.0559006211180124,0.0816326530612245,0.116237799467613,0.0807453416149068,0.0452528837622005,0.036379769299024,0.0195208518189885,0.0266193433895297,0.0204081632653061,0.0177462289263531,0.00976042590949423,0.0133096716947649,0.0177462289263531,0.0186335403726708,0.00887311446317657,0.00887311446317657,0.0106477373558119,0.00532386867790594,0.00709849157054126,0.00798580301685892,0.00266193433895297,0.00443655723158829,0.00177462289263532,0.00266193433895297,0.00177462289263532,0.00266193433895297,0.00354924578527063,0,0.00177462289263532,0.000887311446317658,0,0,0.000887311446317658,0,0,0.000887311446317658,0.000887311446317658,0.000887311446317658,0,0,0,0,0,0,0,0,0,0,0,0,0,0,0,0,0,0,0,0,0,0,0,0,0,0,0,0
0,0,0,0,0,0,0.000868809730668983,0,0,0.00260642919200695,0.000868809730668983,0.000868809730668983,0.00434404865334492,0.00173761946133797,0.00260642919200695,0.00173761946133797,0.00608166811468288,0.00434404865334492,0.00260642919200695,0.00781928757602085,0.00434404865334492,0.0112945264986968,0.0173761946133797,0.0139009556907037,0.0112945264986968,0.0208514335360556,0.0208514335360556,0.0217202432667246,0.0312771503040834,0.0199826238053866,0.0286707211120765,0.0382276281494353,0.0399652476107732,0.0390964378801043,0.0634231103388358,0.0851433536055604,0.120764552562989,0.0729800173761946,0.0330147697654214,0.0278019113814075,0.0408340573414422,0.0295395308427454,0.0173761946133797,0.0182450043440487,0.0165073848827107,0.0147697654213727,0.0147697654213727,0.00868809730668984,0.0156385751520417,0.00868809730668984,0.00868809730668984,0.00781928757602085,0.0052128583840139,0.00434404865334492,0.00347523892267593,0.00434404865334492,0.0052128583840139,0.00173761946133797,0.00260642919200695,0.000868809730668983,0.000868809730668983,0.00173761946133797,0.00347523892267593,0,0,0.00173761946133797,0.00173761946133797,0.000868809730668983,0,0,0,0,0,0,0,0,0.00173761946133797,0,0,0,0,0,0,0,0,0,0,0,0,0,0,0,0,0,0,0,0,0,0
0,0,0,0,0,0.000923361034164358,0,0.000923361034164358,0,0,0,0.00277008310249307,0.00369344413665743,0.000923361034164358,0.00369344413665743,0.00461680517082179,0.00554016620498615,0.000923361034164358,0.00461680517082179,0.00738688827331487,0.00461680517082179,0.00646352723915051,0.0101569713758079,0.0120036934441367,0.0156971375807941,0.0184672206832872,0.0193905817174515,0.0184672206832872,0.0277008310249307,0.0240073868882733,0.0203139427516159,0.0267774699907664,0.0313942751615882,0.0350877192982456,0.0406278855032318,0.0729455216989843,0.0784856879039705,0.134810710987996,0.0637119113573407,0.0443213296398892,0.0397045244690674,0.0332409972299169,0.0147737765466297,0.0249307479224377,0.0212373037857802,0.012927054478301,0.0147737765466297,0.0156971375807941,0.00831024930747922,0.00831024930747922,0.00461680517082179,0.00369344413665743,0.0120036934441367,0.00184672206832872,0.00646352723915051,0.00646352723915051,0.00369344413665743,0.00184672206832872,0.00277008310249307,0.00184672206832872,0.00277008310249307,0,0.00461680517082179,0.00184672206832872,0.000923361034164358,0.00184672206832872,0.000923361034164358,0,0.000923361034164358,0.00184672206832872,0,0,0.000923361034164358,0.000923361034164358,0.000923361034164358,0,0,0.000923361034164358,0,0,0,0,0,0,0,0,0,0,0,0,0,0,0,0,0,0,0,0,0
0,0,0,0,0,0,0,0,0.00192307692307692,0.00192307692307692,0.00288461538461538,0.00192307692307692,0.00192307692307692,0.000961538461538462,0.00192307692307692,0.00192307692307692,0.00384615384615385,0.00192307692307692,0.00192307692307692,0.00288461538461538,0.00576923076923077,0.00673076923076923,0.00673076923076923,0.00961538461538462,0.0134615384615385,0.0125,0.0163461538461538,0.0211538461538462,0.0125,0.0211538461538462,0.0298076923076923,0.0278846153846154,0.0278846153846154,0.0278846153846154,0.0394230769230769,0.0384615384615385,0.0490384615384615,0.0788461538461538,0.127884615384615,0.0778846153846154,0.0442307692307692,0.0298076923076923,0.0355769230769231,0.0288461538461538,0.0326923076923077,0.0144230769230769,0.0182692307692308,0.00961538461538462,0.0153846153846154,0.0125,0.00961538461538462,0.00769230769230769,0.00961538461538462,0.00865384615384615,0.00576923076923077,0.00576923076923077,0.00384615384615385,0.00288461538461538,0.00288461538461538,0.00384615384615385,0.00192307692307692,0.00192307692307692,0.00384615384615385,0,0.00288461538461538,0.00192307692307692,0,0,0,0.00288461538461538,0,0.000961538461538462,0,0,0.000961538461538462,0,0.000961538461538462,0.000961538461538462,0.000961538461538462,0,0,0,0.000961538461538462,0,0,0,0,0,0,0,0,0,0,0,0,0,0,0,0
0,0,0,0,0,0,0,0.000985221674876847,0,0,0.00197044334975369,0,0.000985221674876847,0.00394088669950739,0.00295566502463054,0.00197044334975369,0.000985221674876847,0.00295566502463054,0.00492610837438424,0.00197044334975369,0.00492610837438424,0.00394088669950739,0.00788177339901478,0.00591133004926108,0.012807881773399,0.0167487684729064,0.012807881773399,0.0147783251231527,0.0206896551724138,0.0147783251231527,0.0246305418719212,0.0216748768472906,0.0246305418719212,0.0305418719211823,0.0403940886699507,0.0295566502463054,0.038423645320197,0.0640394088669951,0.0788177339901478,0.123152709359606,0.0866995073891626,0.0295566502463054,0.025615763546798,0.032512315270936,0.0275862068965517,0.0206896551724138,0.0266009852216749,0.012807881773399,0.0157635467980296,0.0187192118226601,0.00886699507389163,0.0108374384236453,0.00295566502463054,0.00788177339901478,0.0108374384236453,0.00492610837438424,0.00985221674876847,0.00295566502463054,0.00689655172413793,0.00295566502463054,0.00197044334975369,0.00295566502463054,0.00197044334975369,0,0.00197044334975369,0.00197044334975369,0.00197044334975369,0,0,0.000985221674876847,0,0,0,0.00197044334975369,0,0,0,0,0.000985221674876847,0.000985221674876847,0.000985221674876847,0,0,0,0,0,0,0,0,0.000985221674876847,0,0,0,0,0,0,0,0,0
0,0,0,0,0,0,0,0,0.00111482720178372,0.00111482720178372,0,0,0.00334448160535117,0.00222965440356745,0.00111482720178372,0.00111482720178372,0.00111482720178372,0.00780379041248606,0.00222965440356745,0.00334448160535117,0.00445930880713489,0.0111482720178372,0.00557413600891862,0.0100334448160535,0.00891861761426979,0.00780379041248606,0.00557413600891862,0.00780379041248606,0.0133779264214047,0.0189520624303233,0.0189520624303233,0.0267558528428094,0.0245261984392419,0.0256410256410256,0.0334448160535117,0.040133779264214,0.0423634336677815,0.0345596432552954,0.0490523968784838,0.0813823857302118,0.111482720178372,0.0813823857302118,0.0590858416945373,0.0345596432552954,0.0267558528428094,0.0222965440356745,0.0189520624303233,0.0167224080267559,0.0144927536231884,0.0156075808249721,0.0144927536231884,0.0111482720178372,0.00557413600891862,0.0100334448160535,0.00445930880713489,0.0144927536231884,0.00334448160535117,0.00445930880713489,0,0.00334448160535117,0.00445930880713489,0.00222965440356745,0.00891861761426979,0.00222965440356745,0.00111482720178372,0.00222965440356745,0,0.00222965440356745,0,0.00111482720178372,0,0.00111482720178372,0,0.00111482720178372,0.00111482720178372,0.00111482720178372,0.00222965440356745,0,0,0,0.00111482720178372,0,0,0,0,0,0,0,0,0,0,0,0,0,0,0,0,0,0
0,0,0,0,0,0,0,0,0,0,0,0.00114942528735632,0.00114942528735632,0,0.00114942528735632,0.00344827586206897,0.00344827586206897,0.00344827586206897,0.00229885057471264,0.00229885057471264,0.0103448275862069,0.00574712643678161,0.0160919540229885,0.00574712643678161,0.00574712643678161,0.0160919540229885,0.0172413793103448,0.0114942528735632,0.00689655172413793,0.0160919540229885,0.0241379310344828,0.0241379310344828,0.0241379310344828,0.0206896551724138,0.0172413793103448,0.032183908045977,0.032183908045977,0.035632183908046,0.032183908045977,0.0390804597701149,0.0747126436781609,0.137931034482759,0.0758620689655172,0.0494252873563218,0.0425287356321839,0.0241379310344828,0.0229885057471264,0.0172413793103448,0.0218390804597701,0.0137931034482759,0.0160919540229885,0.0103448275862069,0.0114942528735632,0.00689655172413793,0.00574712643678161,0.00689655172413793,0.00459770114942529,0.00689655172413793,0.00459770114942529,0.00689655172413793,0.00344827586206897,0.00344827586206897,0.00229885057471264,0.00229885057471264,0.00459770114942529,0.00344827586206897,0.00114942528735632,0,0.00114942528735632,0.00229885057471264,0.00114942528735632,0.00114942528735632,0,0,0,0.00114942528735632,0,0,0,0,0,0,0,0,0,0,0,0,0,0,0,0,0,0,0,0,0,0,0
0,0,0,0,0,0,0,0,0.00114285714285714,0.00114285714285714,0,0,0.00342857142857143,0.00114285714285714,0.00457142857142857,0.00228571428571429,0,0.00114285714285714,0.00685714285714286,0.00457142857142857,0.00685714285714286,0.00914285714285714,0.00228571428571429,0.00571428571428571,0.00685714285714286,0.00914285714285714,0.016,0.00571428571428571,0.0102857142857143,0.016,0.0182857142857143,0.0205714285714286,0.016,0.0205714285714286,0.0297142857142857,0.0308571428571429,0.0262857142857143,0.0308571428571429,0.0274285714285714,0.0468571428571429,0.0571428571428571,0.0845714285714286,0.125714285714286,0.0742857142857143,0.0365714285714286,0.0308571428571429,0.0262857142857143,0.0274285714285714,0.0251428571428571,0.008,0.0205714285714286,0.0194285714285714,0.00457142857142857,0.00914285714285714,0.00914285714285714,0.008,0.0102857142857143,0.00457142857142857,0.008,0.00571428571428571,0.00457142857142857,0.00342857142857143,0.00228571428571429,0.00571428571428571,0.00114285714285714,0,0.00114285714285714,0.00114285714285714,0.00114285714285714,0,0,0,0.00114285714285714,0.00114285714285714,0,0,0,0,0,0,0,0,0,0,0,0,0,0,0,0,0,0,0,0,0,0,0,0,0
0,0,0,0,0,0,0,0,0,0,0,0.00116959064327485,0,0.00350877192982456,0,0.00233918128654971,0.00116959064327485,0.00467836257309942,0.00350877192982456,0.00350877192982456,0.00116959064327485,0.00233918128654971,0.00467836257309942,0.00467836257309942,0.0116959064327485,0.00350877192982456,0.00701754385964912,0.00467836257309942,0.00467836257309942,0.0128654970760234,0.0210526315789474,0.0245614035087719,0.00935672514619883,0.0245614035087719,0.016374269005848,0.0257309941520468,0.0339181286549708,0.0339181286549708,0.0245614035087719,0.0304093567251462,0.0491228070175439,0.0456140350877193,0.0842105263157895,0.153216374269006,0.0549707602339181,0.0350877192982456,0.0315789473684211,0.0233918128654971,0.0327485380116959,0.0198830409356725,0.0222222222222222,0.0152046783625731,0.0105263157894737,0.00701754385964912,0.00818713450292398,0.00935672514619883,0.0140350877192982,0.00701754385964912,0.00467836257309942,0.0128654970760234,0.00350877192982456,0.00233918128654971,0.00701754385964912,0,0.00233918128654971,0.00233918128654971,0.00116959064327485,0.00584795321637427,0.00233918128654971,0.00116959064327485,0.00233918128654971,0.00116959064327485,0.00116959064327485,0.00116959064327485,0.00233918128654971,0.00116959064327485,0,0,0,0,0,0,0,0,0,0,0,0,0,0,0,0,0,0,0,0,0,0,0
0,0,0,0,0,0,0,0,0,0,0,0.00118343195266272,0,0.00118343195266272,0.00118343195266272,0.00118343195266272,0.00591715976331361,0.00118343195266272,0.00236686390532544,0.00355029585798817,0.00591715976331361,0.00355029585798817,0.00236686390532544,0.00355029585798817,0.00355029585798817,0.00118343195266272,0.00473372781065089,0.00828402366863905,0.00591715976331361,0.0106508875739645,0.0165680473372781,0.0153846153846154,0.0165680473372781,0.0177514792899408,0.0319526627218935,0.0260355029585799,0.0165680473372781,0.0331360946745562,0.0355029585798817,0.0319526627218935,0.0390532544378698,0.0402366863905325,0.0532544378698225,0.0863905325443787,0.126627218934911,0.0792899408284024,0.0307692307692308,0.0224852071005917,0.0331360946745562,0.0343195266272189,0.0142011834319527,0.0165680473372781,0.00946745562130178,0.00946745562130178,0.0153846153846154,0.00946745562130178,0.00828402366863905,0.00710059171597633,0.00473372781065089,0.00591715976331361,0.00118343195266272,0.00710059171597633,0.00473372781065089,0.00591715976331361,0.00710059171597633,0.00355029585798817,0.00236686390532544,0,0.00118343195266272,0.00236686390532544,0.00236686390532544,0,0.00118343195266272,0.00236686390532544,0.00118343195266272,0,0.00118343195266272,0,0,0.00118343195266272,0,0,0,0,0,0,0,0,0,0,0,0,0,0,0,0,0,0,0
0,0,0,0,0,0,0.00116822429906542,0,0.00116822429906542,0,0,0.00233644859813084,0,0,0.00116822429906542,0.00233644859813084,0.00116822429906542,0.00116822429906542,0.00116822429906542,0.00116822429906542,0.00700934579439252,0.00350467289719626,0.00817757009345794,0.00467289719626168,0.00350467289719626,0.0105140186915888,0.00934579439252336,0.0128504672897196,0.00817757009345794,0.0105140186915888,0.0128504672897196,0.0186915887850467,0.022196261682243,0.0151869158878505,0.00700934579439252,0.0327102803738318,0.0198598130841121,0.0151869158878505,0.0245327102803738,0.0327102803738318,0.0210280373831776,0.0385514018691589,0.044392523364486,0.0490654205607477,0.0911214953271028,0.127336448598131,0.0607476635514019,0.0385514018691589,0.0257009345794393,0.0128504672897196,0.0280373831775701,0.0303738317757009,0.0128504672897196,0.0163551401869159,0.0128504672897196,0.0128504672897196,0.0128504672897196,0.0105140186915888,0.00817757009345794,0.0116822429906542,0.00467289719626168,0.00350467289719626,0.0058411214953271,0.00233644859813084,0.00350467289719626,0.00350467289719626,0.00350467289719626,0.00350467289719626,0,0.00116822429906542,0.00233644859813084,0.00116822429906542,0.00116822429906542,0,0,0.00233644859813084,0,0,0.00116822429906542,0,0.00116822429906542,0,0,0,0,0,0.00116822429906542,0,0,0,0,0,0,0,0,0,0,0,0
0,0,0,0,0,0,0,0,0,0,0.0025,0,0.0025,0.00125,0.00375,0,0.00375,0.00125,0.005,0.0025,0.00375,0.0025,0.00125,0.0025,0.0025,0.0075,0.0125,0.00625,0.0075,0.0075,0.015,0.0175,0.00875,0.0125,0.01125,0.0225,0.02125,0.03,0.0175,0.02875,0.0325,0.03,0.035,0.03,0.05625,0.07875,0.1525,0.07,0.02625,0.03,0.0225,0.02,0.02625,0.01875,0.015,0.01125,0.0125,0.01,0.005,0.00625,0.01,0.00875,0.0025,0.00375,0.00125,0.005,0.0025,0,0.00125,0.005,0.0025,0.00125,0.00125,0,0,0.00125,0,0.00125,0.00125,0,0,0,0,0,0,0,0,0,0,0,0,0.00125,0,0,0,0,0,0,0
0,0,0,0,0,0,0,0,0,0,0,0,0,0.00134770889487871,0.00134770889487871,0.00269541778975741,0.00269541778975741,0,0.00404312668463612,0.00134770889487871,0.00404312668463612,0.00134770889487871,0.00404312668463612,0.0107816711590297,0.00134770889487871,0.00134770889487871,0.00539083557951483,0.00269541778975741,0.00943396226415094,0.00404312668463612,0.0134770889487871,0.0107816711590297,0.0107816711590297,0.0121293800539084,0.0148247978436658,0.0121293800539084,0.0175202156334232,0.0202156334231806,0.0161725067385445,0.0215633423180593,0.022911051212938,0.0202156334231806,0.032345013477089,0.0377358490566038,0.0417789757412399,0.0525606469002695,0.0727762803234501,0.149595687331536,0.0673854447439353,0.0525606469002695,0.0269541778975741,0.0269541778975741,0.0188679245283019,0.0215633423180593,0.0188679245283019,0.0175202156334232,0.00943396226415094,0.0107816711590297,0.00808625336927224,0.00943396226415094,0.00673854447439353,0.00539083557951483,0.00943396226415094,0.00808625336927224,0.00673854447439353,0.00269541778975741,0.00404312668463612,0.00673854447439353,0.00539083557951483,0.00404312668463612,0,0.00269541778975741,0,0.00269541778975741,0.00134770889487871,0.00269541778975741,0.00134770889487871,0.00134770889487871,0.00134770889487871,0,0,0,0,0.00134770889487871,0,0,0,0,0,0,0,0,0,0,0,0,0,0,0
0,0,0,0,0,0,0,0,0,0,0.00136612021857923,0,0,0,0.00273224043715847,0,0.00409836065573771,0,0.00136612021857923,0.00546448087431694,0.00273224043715847,0.00136612021857923,0.00273224043715847,0.00546448087431694,0.00546448087431694,0.00546448087431694,0.00546448087431694,0.00546448087431694,0.00819672131147541,0.0150273224043716,0.00956284153005465,0.0163934426229508,0.0109289617486339,0.0150273224043716,0.0122950819672131,0.0136612021857923,0.0150273224043716,0.0163934426229508,0.0163934426229508,0.0177595628415301,0.023224043715847,0.0218579234972678,0.0355191256830601,0.023224043715847,0.023224043715847,0.0368852459016393,0.0423497267759563,0.0969945355191257,0.135245901639344,0.0724043715846995,0.0327868852459016,0.0355191256830601,0.0163934426229508,0.0204918032786885,0.0163934426229508,0.0191256830601093,0.0177595628415301,0.0191256830601093,0.0177595628415301,0.00683060109289617,0.0109289617486339,0.00409836065573771,0.00819672131147541,0.00136612021857923,0.00409836065573771,0.0109289617486339,0.00273224043715847,0.00683060109289617,0,0.00683060109289617,0.00273224043715847,0.00273224043715847,0.00136612021857923,0.00409836065573771,0.00136612021857923,0,0.00136612021857923,0,0.00136612021857923,0,0,0,0,0,0,0,0,0,0,0,0,0,0,0,0,0,0,0,0
0,0,0,0,0.00141442715700141,0,0,0,0,0,0,0.00141442715700141,0,0.00141442715700141,0.00141442715700141,0,0,0.00141442715700141,0,0.00282885431400283,0.00141442715700141,0.00141442715700141,0.00141442715700141,0.00282885431400283,0.00565770862800566,0.00282885431400283,0.00282885431400283,0.00565770862800566,0.00565770862800566,0.00565770862800566,0.00424328147100424,0.016973125884017,0.00707213578500707,0.00848656294200849,0.0113154172560113,0.0127298444130127,0.0127298444130127,0.0141442715700141,0.0127298444130127,0.0282885431400283,0.024045261669024,0.0113154172560113,0.0311173974540311,0.0367751060820368,0.0311173974540311,0.0226308345120226,0.041018387553041,0.057991513437058,0.104667609618105,0.168316831683168,0.0495049504950495,0.0438472418670438,0.0282885431400283,0.0198019801980198,0.0282885431400283,0.0183875530410184,0.0099009900990099,0.0141442715700141,0.00848656294200849,0.00707213578500707,0.00848656294200849,0.0113154172560113,0.0113154172560113,0.00282885431400283,0.00424328147100424,0.00141442715700141,0.00565770862800566,0.00282885431400283,0.00565770862800566,0.00141442715700141,0.00424328147100424,0.00141442715700141,0.00141442715700141,0.00282885431400283,0,0.00282885431400283,0,0,0.00141442715700141,0,0,0,0,0,0,0,0,0,0,0,0,0,0,0,0,0,0,0,0
0,0,0,0,0,0,0,0,0,0,0.00145137880986938,0,0,0.00145137880986938,0,0,0.00145137880986938,0,0,0.00290275761973875,0.00290275761973875,0,0.00290275761973875,0.00290275761973875,0.00145137880986938,0.00435413642960813,0.00290275761973875,0.00435413642960813,0.00435413642960813,0.0058055152394775,0.011611030478955,0.0058055152394775,0.0101596516690856,0.0145137880986938,0.0159651669085631,0.0130624092888244,0.0275761973875181,0.011611030478955,0.0145137880986938,0.0174165457184325,0.0145137880986938,0.0203193033381713,0.0174165457184325,0.0203193033381713,0.02322206095791,0.0319303338171263,0.0304789550072569,0.034833091436865,0.0609579100145138,0.103047895500726,0.140783744557329,0.0754716981132075,0.0333817126269956,0.0333817126269956,0.0203193033381713,0.0275761973875181,0.0130624092888244,0.0130624092888244,0.0145137880986938,0.0101596516690856,0.0145137880986938,0.00435413642960813,0.00290275761973875,0.0101596516690856,0.00725689404934688,0.00435413642960813,0.00870827285921625,0.00435413642960813,0.0058055152394775,0.00290275761973875,0.00435413642960813,0.00435413642960813,0,0.00290275761973875,0.00145137880986938,0,0,0,0,0,0.00145137880986938,0,0,0,0,0,0,0,0,0,0,0,0,0,0,0,0,0,0
0,0,0,0,0,0,0,0,0,0,0,0,0.00284900284900285,0,0.00142450142450142,0,0,0.00284900284900285,0,0.00142450142450142,0.00284900284900285,0.00427350427350427,0.00142450142450142,0.00284900284900285,0.00284900284900285,0.00142450142450142,0.00142450142450142,0.0056980056980057,0,0.00854700854700855,0.00427350427350427,0.00712250712250712,0.00712250712250712,0.00427350427350427,0.0113960113960114,0.00854700854700855,0.0128205128205128,0.0128205128205128,0.0170940170940171,0.0142450142450142,0.0113960113960114,0.0313390313390313,0.0156695156695157,0.0199430199430199,0.0199430199430199,0.0242165242165242,0.0185185185185185,0.0384615384615385,0.0484330484330484,0.066951566951567,0.111111111111111,0.156695156695157,0.0584045584045584,0.0327635327635328,0.0256410256410256,0.0270655270655271,0.0227920227920228,0.0185185185185185,0.0227920227920228,0.0142450142450142,0.0128205128205128,0.0056980056980057,0.0056980056980057,0.00712250712250712,0.00712250712250712,0.00712250712250712,0.0056980056980057,0.00142450142450142,0.00284900284900285,0.00427350427350427,0.00142450142450142,0.00427350427350427,0.00284900284900285,0,0,0.00284900284900285,0.00284900284900285,0,0.00142450142450142,0,0,0,0,0,0,0,0,0,0,0,0,0,0,0,0,0,0,0,0
0,0,0,0,0,0,0,0,0,0,0,0,0,0.00315457413249211,0,0,0.00157728706624606,0,0,0,0,0,0.00315457413249211,0.00315457413249211,0,0.00315457413249211,0.00473186119873817,0.00157728706624606,0.00946372239747634,0.00315457413249211,0.00630914826498423,0.00630914826498423,0.0126182965299685,0.0157728706624606,0.00788643533123028,0.00946372239747634,0.00630914826498423,0.0141955835962145,0.0110410094637224,0.0141955835962145,0.0173501577287066,0.0110410094637224,0.0220820189274448,0.0110410094637224,0.0141955835962145,0.0205047318611987,0.0157728706624606,0.0299684542586751,0.0378548895899054,0.0378548895899054,0.0425867507886435,0.121451104100946,0.146687697160883,0.0662460567823344,0.0315457413249211,0.0205047318611987,0.0252365930599369,0.0252365930599369,0.0173501577287066,0.0236593059936909,0.0173501577287066,0.0157728706624606,0.0141955835962145,0.0126182965299685,0.00630914826498423,0.00630914826498423,0.00946372239747634,0.00788643533123028,0.00630914826498423,0.00473186119873817,0.00315457413249211,0.00315457413249211,0.00315457413249211,0.00157728706624606,0.00315457413249211,0.00315457413249211,0.00157728706624606,0.00157728706624606,0,0,0,0,0,0.00315457413249211,0,0,0,0,0,0,0,0,0,0,0,0,0,0,0
0,0,0,0.00147710487444609,0,0,0,0,0,0,0,0,0,0.00147710487444609,0,0,0.00295420974889217,0.00147710487444609,0.00443131462333826,0.00147710487444609,0,0.00147710487444609,0.00295420974889217,0.00295420974889217,0.00295420974889217,0.00147710487444609,0.00295420974889217,0.00295420974889217,0.00295420974889217,0.00886262924667651,0.00443131462333826,0.00443131462333826,0.0118168389955687,0.00886262924667651,0.00738552437223043,0.00738552437223043,0.00590841949778434,0.0103397341211226,0.0147710487444609,0.00738552437223043,0.0103397341211226,0.00886262924667651,0.0206794682422452,0.0280649926144756,0.017725258493353,0.0206794682422452,0.0310192023633678,0.017725258493353,0.017725258493353,0.0251107828655835,0.0443131462333826,0.0590841949778434,0.100443131462334,0.156573116691285,0.0620384047267356,0.0324963072378139,0.0384047267355982,0.0310192023633678,0.017725258493353,0.0192023633677991,0.0162481536189069,0.0192023633677991,0.0132939438700148,0.0103397341211226,0.00738552437223043,0.0103397341211226,0.0103397341211226,0.00443131462333826,0.00443131462333826,0.00590841949778434,0.00147710487444609,0.00295420974889217,0.00147710487444609,0,0.00295420974889217,0,0.00147710487444609,0,0,0.00147710487444609,0,0,0,0.00147710487444609,0,0,0,0,0,0,0,0,0,0,0,0,0,0,0
0,0,0,0,0,0,0,0,0,0,0.00164473684210526,0,0,0,0,0,0,0,0.00164473684210526,0.00164473684210526,0.00328947368421053,0.00164473684210526,0.00164473684210526,0.00493421052631579,0.00328947368421053,0.00164473684210526,0.00328947368421053,0.00657894736842105,0.00328947368421053,0.00164473684210526,0.00493421052631579,0.00657894736842105,0.00493421052631579,0.00986842105263158,0.00986842105263158,0.00822368421052632,0.00986842105263158,0.00657894736842105,0.0164473684210526,0.0131578947368421,0.0115131578947368,0.0115131578947368,0.00986842105263158,0.0180921052631579,0.0131578947368421,0.0213815789473684,0.0131578947368421,0.0230263157894737,0.0279605263157895,0.0246710526315789,0.03125,0.0378289473684211,0.0690789473684211,0.113486842105263,0.126644736842105,0.0592105263157895,0.0394736842105263,0.0394736842105263,0.0246710526315789,0.0246710526315789,0.0148026315789474,0.00822368421052632,0.0148026315789474,0.0197368421052632,0.00986842105263158,0.00986842105263158,0.00657894736842105,0.00493421052631579,0.00493421052631579,0.00164473684210526,0.00328947368421053,0.00986842105263158,0.00328947368421053,0.00493421052631579,0,0.00164473684210526,0.00328947368421053,0.00164473684210526,0.00328947368421053,0.00164473684210526,0,0,0.00164473684210526,0,0,0,0,0.00164473684210526,0.00164473684210526,0,0,0,0,0,0,0,0,0,0
0,0,0,0,0,0,0,0,0,0,0,0,0,0,0,0,0.00175438596491228,0,0.00175438596491228,0,0.00175438596491228,0,0.00526315789473684,0.00175438596491228,0,0.00350877192982456,0.00175438596491228,0,0.0087719298245614,0.00175438596491228,0.00350877192982456,0.00350877192982456,0.00175438596491228,0.00701754385964912,0.00526315789473684,0.00701754385964912,0.00701754385964912,0.0105263157894737,0.0105263157894737,0.00701754385964912,0.0105263157894737,0.0105263157894737,0.0105263157894737,0.012280701754386,0.0263157894736842,0.0245614035087719,0.0192982456140351,0.012280701754386,0.0210526315789474,0.0315789473684211,0.0157894736842105,0.0175438596491228,0.0473684210526316,0.0385964912280702,0.119298245614035,0.171929824561404,0.0649122807017544,0.0421052631578947,0.0245614035087719,0.0280701754385965,0.0228070175438597,0.0228070175438597,0.0228070175438597,0.0192982456140351,0.0087719298245614,0.0087719298245614,0.0105263157894737,0.0087719298245614,0.00350877192982456,0.00175438596491228,0.00350877192982456,0.00526315789473684,0.00175438596491228,0.00175438596491228,0,0.00350877192982456,0.00175438596491228,0,0.00350877192982456,0.00175438596491228,0,0.00350877192982456,0,0.00175438596491228,0,0,0,0,0,0,0,0,0.00175438596491228,0,0,0,0,0,0
0,0,0,0,0,0,0,0,0,0,0,0,0,0,0,0.00175746924428822,0.00175746924428822,0,0.00351493848857645,0.00175746924428822,0,0.00175746924428822,0.00527240773286467,0.00175746924428822,0,0.00351493848857645,0.00175746924428822,0.00175746924428822,0.00175746924428822,0.0070298769771529,0.00351493848857645,0.00351493848857645,0,0.0070298769771529,0.0140597539543058,0.00351493848857645,0.00527240773286467,0.00351493848857645,0.0123022847100176,0.0070298769771529,0.0105448154657293,0.0140597539543058,0.0105448154657293,0.0123022847100176,0.0210896309314587,0.0140597539543058,0.0298769771528998,0.0105448154657293,0.0140597539543058,0.0281195079086116,0.0298769771528998,0.015817223198594,0.0333919156414763,0.031634446397188,0.0527240773286467,0.119507908611599,0.131810193321617,0.070298769771529,0.0263620386643234,0.0386643233743409,0.0228471001757469,0.0228471001757469,0.0193321616871705,0.00878734622144113,0.0228471001757469,0.0140597539543058,0.0105448154657293,0.00351493848857645,0.0105448154657293,0.0140597539543058,0.00351493848857645,0.0105448154657293,0.00527240773286467,0.00175746924428822,0.00351493848857645,0.00175746924428822,0.00175746924428822,0.0070298769771529,0.00527240773286467,0,0,0,0,0,0,0,0,0,0,0.00175746924428822,0,0,0,0,0,0,0,0,0
0,0,0,0,0,0,0,0,0,0,0,0.00177935943060498,0,0,0,0,0,0,0.00177935943060498,0,0,0,0.00533807829181495,0.00711743772241993,0,0.00177935943060498,0.00177935943060498,0.00533807829181495,0.00711743772241993,0,0.00355871886120996,0.00889679715302491,0.00355871886120996,0,0.00533807829181495,0.00177935943060498,0.00711743772241993,0.00533807829181495,0.00355871886120996,0.0142348754448399,0.00711743772241993,0.0142348754448399,0.0160142348754448,0.0142348754448399,0.0231316725978648,0.0142348754448399,0.0213523131672598,0.00711743772241993,0.0195729537366548,0.0124555160142349,0.0142348754448399,0.0266903914590747,0.0355871886120996,0.0338078291814947,0.0373665480427046,0.0569395017793594,0.145907473309609,0.151245551601424,0.0587188612099644,0.0213523131672598,0.0320284697508897,0.0195729537366548,0.0124555160142349,0.00889679715302491,0.0160142348754448,0.0160142348754448,0.0160142348754448,0.00889679715302491,0.0106761565836299,0.00889679715302491,0.0106761565836299,0.00533807829181495,0.00177935943060498,0.00355871886120996,0.00177935943060498,0.00177935943060498,0,0.00533807829181495,0,0,0.00177935943060498,0,0,0,0,0.00177935943060498,0,0,0,0,0,0,0,0,0,0,0,0,0
0,0,0,0,0,0,0,0,0,0,0,0,0,0,0,0.00350877192982456,0,0,0,0,0.00350877192982456,0.00175438596491228,0,0.00350877192982456,0,0,0.00526315789473684,0.0087719298245614,0.00350877192982456,0.00350877192982456,0.00350877192982456,0.00175438596491228,0,0.00701754385964912,0.00350877192982456,0.00350877192982456,0.00175438596491228,0.012280701754386,0.0140350877192982,0.00701754385964912,0.00350877192982456,0.012280701754386,0.0105263157894737,0.012280701754386,0.0087719298245614,0.0157894736842105,0.0175438596491228,0.0228070175438597,0.0140350877192982,0.012280701754386,0.0192982456140351,0.0157894736842105,0.0175438596491228,0.0175438596491228,0.0315789473684211,0.0368421052631579,0.0701754385964912,0.145614035087719,0.145614035087719,0.0578947368421053,0.0385964912280702,0.0263157894736842,0.0157894736842105,0.0087719298245614,0.0175438596491228,0.00701754385964912,0.0280701754385965,0.0210526315789474,0.0105263157894737,0.00526315789473684,0.00350877192982456,0.00701754385964912,0.00701754385964912,0.00526315789473684,0.0087719298245614,0.00350877192982456,0.00350877192982456,0.00350877192982456,0,0,0.00175438596491228,0,0,0,0,0.00175438596491228,0,0,0,0,0,0,0,0,0,0,0,0,0
0,0,0,0,0,0,0,0,0,0,0,0,0,0,0,0,0,0.00173913043478261,0,0.00173913043478261,0,0.00347826086956522,0.00347826086956522,0.00173913043478261,0.00347826086956522,0,0,0,0.00173913043478261,0.00695652173913044,0.00173913043478261,0.00695652173913044,0.00347826086956522,0.00347826086956522,0.00173913043478261,0.00347826086956522,0.0139130434782609,0.00695652173913044,0.00347826086956522,0.00695652173913044,0.00869565217391304,0.0104347826086957,0.0139130434782609,0.0139130434782609,0.0121739130434783,0.0121739130434783,0.0121739130434783,0.0139130434782609,0.0121739130434783,0.0173913043478261,0.0173913043478261,0.0173913043478261,0.0104347826086957,0.0139130434782609,0.0226086956521739,0.0347826086956522,0.031304347826087,0.0591304347826087,0.149565217391304,0.149565217391304,0.0608695652173913,0.0469565217391304,0.0330434782608696,0.0295652173913043,0.0243478260869565,0.0121739130434783,0.0139130434782609,0.0121739130434783,0.00347826086956522,0.0104347826086957,0.00173913043478261,0.0121739130434783,0.00695652173913044,0.00521739130434783,0.00695652173913044,0,0.00347826086956522,0.00173913043478261,0.00173913043478261,0,0,0.00173913043478261,0,0.00173913043478261,0,0,0,0,0,0,0,0,0,0,0,0,0,0,0
0,0,0,0,0,0,0,0,0,0,0,0,0.00181159420289855,0,0,0,0,0,0.00181159420289855,0.00181159420289855,0,0,0,0.0036231884057971,0.0036231884057971,0.0072463768115942,0.00181159420289855,0.00181159420289855,0.00181159420289855,0.00181159420289855,0,0.00181159420289855,0.0036231884057971,0.0036231884057971,0.00181159420289855,0.0108695652173913,0,0.00181159420289855,0.0036231884057971,0.0072463768115942,0.0072463768115942,0.0144927536231884,0.0144927536231884,0.0144927536231884,0.0036231884057971,0.0072463768115942,0.0181159420289855,0.0144927536231884,0.0144927536231884,0.0108695652173913,0.016304347826087,0.0199275362318841,0.0126811594202899,0.0217391304347826,0.0235507246376812,0.0144927536231884,0.0344202898550725,0.0434782608695652,0.0942028985507246,0.164855072463768,0.114130434782609,0.0452898550724638,0.036231884057971,0.0144927536231884,0.0271739130434783,0.0199275362318841,0.016304347826087,0.0144927536231884,0.00181159420289855,0.0235507246376812,0.0126811594202899,0.00543478260869565,0.0072463768115942,0.00543478260869565,0.0108695652173913,0.00181159420289855,0.00181159420289855,0.00181159420289855,0,0,0.0072463768115942,0.00181159420289855,0.00181159420289855,0,0,0,0.00181159420289855,0,0,0,0,0,0,0,0,0,0,0,0
0,0,0,0,0,0,0,0,0,0,0,0,0,0,0,0,0,0.00181159420289855,0.00181159420289855,0.00181159420289855,0.00181159420289855,0,0,0.00181159420289855,0,0,0.00181159420289855,0.0036231884057971,0.00181159420289855,0,0.00543478260869565,0.00543478260869565,0.0036231884057971,0.00543478260869565,0.0036231884057971,0,0.0072463768115942,0.0036231884057971,0.00181159420289855,0.00543478260869565,0.00181159420289855,0.00543478260869565,0.0072463768115942,0.0036231884057971,0.0036231884057971,0.016304347826087,0.0126811594202899,0.0108695652173913,0.00905797101449275,0.00543478260869565,0.0126811594202899,0.0199275362318841,0.0144927536231884,0.0271739130434783,0.0108695652173913,0.0181159420289855,0.0199275362318841,0.0253623188405797,0.0652173913043478,0.0742753623188406,0.16304347826087,0.16304347826087,0.0398550724637681,0.0416666666666667,0.0217391304347826,0.0235507246376812,0.0217391304347826,0.0181159420289855,0.0126811594202899,0.0144927536231884,0.0036231884057971,0.0108695652173913,0.0108695652173913,0.0072463768115942,0.00905797101449275,0.0036231884057971,0.00543478260869565,0.00181159420289855,0.00181159420289855,0,0.00181159420289855,0,0,0,0,0,0,0,0.00181159420289855,0,0,0,0,0,0,0,0,0,0
0,0,0,0,0,0,0,0,0,0,0,0,0,0.0020746887966805,0.0020746887966805,0,0,0.0020746887966805,0,0.0020746887966805,0,0,0,0.0020746887966805,0,0,0.0020746887966805,0,0.0020746887966805,0.0020746887966805,0,0.00622406639004149,0.004149377593361,0,0.0020746887966805,0.00829875518672199,0.00622406639004149,0.00829875518672199,0.0020746887966805,0.004149377593361,0.012448132780083,0.00622406639004149,0.012448132780083,0.0145228215767635,0.00829875518672199,0.00622406639004149,0.012448132780083,0.0228215767634855,0.0186721991701245,0.00622406639004149,0.0186721991701245,0.016597510373444,0.012448132780083,0.020746887966805,0.024896265560166,0.0145228215767635,0.0269709543568465,0.033195020746888,0.033195020746888,0.024896265560166,0.0912863070539419,0.161825726141079,0.118257261410788,0.0311203319502075,0.04149377593361,0.0269709543568465,0.0228215767634855,0.024896265560166,0.012448132780083,0.00622406639004149,0.0103734439834025,0.00829875518672199,0.004149377593361,0.00622406639004149,0.004149377593361,0.004149377593361,0.00622406639004149,0.00622406639004149,0,0.0020746887966805,0.0020746887966805,0.0020746887966805,0,0.0020746887966805,0,0,0,0,0,0,0,0,0,0,0,0,0,0,0
0,0,0,0,0,0,0,0,0,0,0,0,0,0.00202839756592292,0,0.00202839756592292,0,0.00202839756592292,0,0,0.00202839756592292,0,0,0.00202839756592292,0.00202839756592292,0,0.00405679513184584,0.00405679513184584,0,0,0.0101419878296146,0.00405679513184584,0.00202839756592292,0.00202839756592292,0,0.00608519269776876,0.00202839756592292,0.00405679513184584,0.00202839756592292,0.00405679513184584,0.00202839756592292,0,0.00202839756592292,0.00608519269776876,0.00405679513184584,0.0162271805273834,0.0101419878296146,0.00608519269776876,0.00608519269776876,0.0101419878296146,0.0101419878296146,0.0202839756592292,0.0182555780933063,0.0162271805273834,0.026369168356998,0.0182555780933063,0.0243407707910751,0.0182555780933063,0.0202839756592292,0.0365111561866126,0.0405679513184584,0.0872210953346856,0.186612576064909,0.115618661257606,0.0588235294117647,0.0324543610547667,0.0365111561866126,0.0324543610547667,0.0101419878296146,0.00608519269776876,0.0182555780933063,0.00202839756592292,0.0121703853955375,0.00405679513184584,0.00811359026369168,0.00608519269776876,0.00202839756592292,0.00405679513184584,0,0,0.00202839756592292,0.00405679513184584,0,0,0,0,0.00202839756592292,0,0,0,0,0,0,0,0,0,0,0,0
0,0,0,0,0,0,0,0,0,0,0,0,0,0,0,0,0.00213675213675214,0,0.00213675213675214,0,0.00213675213675214,0,0,0,0,0,0.00213675213675214,0.00213675213675214,0.00427350427350427,0.00213675213675214,0.00213675213675214,0,0,0.00213675213675214,0.00427350427350427,0.00427350427350427,0.00427350427350427,0.00213675213675214,0.00213675213675214,0,0,0.00213675213675214,0.00641025641025641,0.00427350427350427,0.00427350427350427,0.0106837606837607,0.0106837606837607,0.00641025641025641,0.00641025641025641,0.0106837606837607,0.00854700854700855,0.0106837606837607,0.014957264957265,0.00427350427350427,0.0192307692307692,0.014957264957265,0.0235042735042735,0.0192307692307692,0.0235042735042735,0.0363247863247863,0.0192307692307692,0.047008547008547,0.0876068376068376,0.222222222222222,0.128205128205128,0.0277777777777778,0.0427350427350427,0.0299145299145299,0.014957264957265,0.032051282051282,0.0128205128205128,0.00854700854700855,0.00641025641025641,0.00854700854700855,0.00854700854700855,0.0128205128205128,0.00854700854700855,0.00213675213675214,0,0.00213675213675214,0,0,0,0,0.00213675213675214,0,0,0,0,0,0,0,0,0,0,0,0,0,0
0,0,0,0,0,0,0,0,0,0,0,0,0,0,0.00214592274678112,0.00214592274678112,0,0,0.00214592274678112,0,0.00214592274678112,0,0.00214592274678112,0,0,0,0.00214592274678112,0,0.00214592274678112,0.00214592274678112,0,0,0.00214592274678112,0.00429184549356223,0,0,0.00429184549356223,0,0.00643776824034335,0.00429184549356223,0.00858369098712446,0.00214592274678112,0.00643776824034335,0.00214592274678112,0.00429184549356223,0.00429184549356223,0.00643776824034335,0.0128755364806867,0.00858369098712446,0.00429184549356223,0.0150214592274678,0.00643776824034335,0.00643776824034335,0.0257510729613734,0.0128755364806867,0.0150214592274678,0.01931330472103,0.00858369098712446,0.0150214592274678,0.0257510729613734,0.0300429184549356,0.0214592274678112,0.0386266094420601,0.092274678111588,0.201716738197425,0.133047210300429,0.0472103004291846,0.0386266094420601,0.0321888412017167,0.0343347639484979,0.0128755364806867,0.0214592274678112,0.00643776824034335,0.00858369098712446,0.00643776824034335,0.00643776824034335,0.00214592274678112,0,0.00429184549356223,0,0.00429184549356223,0.00429184549356223,0,0.00214592274678112,0.00214592274678112,0,0,0,0,0,0,0,0,0,0,0,0,0,0
0,0,0,0,0,0,0,0,0,0,0,0,0,0,0.00223713646532438,0,0,0,0,0,0,0.00223713646532438,0,0,0,0.00223713646532438,0,0,0.00223713646532438,0,0.00671140939597315,0.00223713646532438,0.00447427293064877,0.00223713646532438,0.00223713646532438,0.00223713646532438,0,0.00894854586129754,0.00223713646532438,0,0.00447427293064877,0.00223713646532438,0.00671140939597315,0.00447427293064877,0.00671140939597315,0.00447427293064877,0.00894854586129754,0.00447427293064877,0.00447427293064877,0.00894854586129754,0.00671140939597315,0.00894854586129754,0.0111856823266219,0.00894854586129754,0.0156599552572707,0.0178970917225951,0.0156599552572707,0.0134228187919463,0.0246085011185682,0.029082774049217,0.0246085011185682,0.0268456375838926,0.0313199105145414,0.0447427293064877,0.087248322147651,0.232662192393736,0.125279642058166,0.0246085011185682,0.0246085011185682,0.029082774049217,0.0201342281879195,0.0201342281879195,0.0201342281879195,0.00671140939597315,0.00894854586129754,0.00447427293064877,0.00223713646532438,0,0.00671140939597315,0,0.00223713646532438,0.00223713646532438,0.00223713646532438,0.00223713646532438,0,0,0.00223713646532438,0,0,0,0,0,0,0,0,0,0,0,0
0,0,0,0,0,0,0,0,0,0,0,0,0,0,0.0022883295194508,0,0,0,0,0,0.0022883295194508,0.0022883295194508,0,0,0,0,0,0,0,0,0,0,0,0,0,0.0022883295194508,0,0,0.0045766590389016,0.0068649885583524,0.0022883295194508,0.0068649885583524,0,0.0045766590389016,0.0183066361556064,0.0022883295194508,0.0068649885583524,0.0137299771167048,0.0068649885583524,0.0045766590389016,0.0068649885583524,0.0022883295194508,0.011441647597254,0.0068649885583524,0.0205949656750572,0.0068649885583524,0.0068649885583524,0.022883295194508,0.0091533180778032,0.0183066361556064,0.0160183066361556,0.0160183066361556,0.0297482837528604,0.034324942791762,0.0366132723112128,0.0961098398169336,0.226544622425629,0.153318077803204,0.0389016018306636,0.0251716247139588,0.0137299771167048,0.0160183066361556,0.022883295194508,0.011441647597254,0.0160183066361556,0.011441647597254,0.0137299771167048,0.0045766590389016,0.0022883295194508,0.0022883295194508,0,0.0045766590389016,0.0068649885583524,0.0022883295194508,0,0,0,0,0,0,0,0,0,0,0,0,0,0,0
0,0,0,0,0,0,0,0,0,0,0,0,0,0,0,0,0,0,0,0,0,0,0,0,0.00227272727272727,0,0.00227272727272727,0,0,0,0,0,0.00227272727272727,0.00454545454545455,0.00454545454545455,0.00454545454545455,0,0.00454545454545455,0.00227272727272727,0.00454545454545455,0.00227272727272727,0.00681818181818182,0.00227272727272727,0,0.00227272727272727,0.00454545454545455,0.00454545454545455,0.00227272727272727,0.00909090909090909,0.0136363636363636,0.00909090909090909,0.0113636363636364,0.00454545454545455,0.00909090909090909,0.0227272727272727,0.0113636363636364,0.0113636363636364,0.0113636363636364,0.0181818181818182,0.0227272727272727,0.0227272727272727,0.0204545454545455,0.0113636363636364,0.0204545454545455,0.0386363636363636,0.0363636363636364,0.102272727272727,0.211363636363636,0.129545454545455,0.0522727272727273,0.0340909090909091,0.0159090909090909,0.025,0.0181818181818182,0.0136363636363636,0.00909090909090909,0.00681818181818182,0.00454545454545455,0.00681818181818182,0,0.00227272727272727,0,0.00227272727272727,0.00227272727272727,0,0,0.00227272727272727,0,0,0,0,0,0,0,0,0,0,0,0
0,0,0,0,0,0,0,0,0,0,0,0,0,0,0,0,0,0,0,0,0,0,0,0.00237529691211401,0,0,0,0,0,0,0.00475059382422803,0.00237529691211401,0.00712589073634204,0,0.00237529691211401,0,0,0.00475059382422803,0.00237529691211401,0.00237529691211401,0.00475059382422803,0.00712589073634204,0.00475059382422803,0.00712589073634204,0.0142517814726841,0.00237529691211401,0.00475059382422803,0.00237529691211401,0.00712589073634204,0.00712589073634204,0.00475059382422803,0.0142517814726841,0.00475059382422803,0.00950118764845606,0.0118764845605701,0.0118764845605701,0.0213776722090261,0.0190023752969121,0.0142517814726841,0.0118764845605701,0.00712589073634204,0.0213776722090261,0.0190023752969121,0.0118764845605701,0.0213776722090261,0.0380047505938242,0.0451306413301663,0.116389548693587,0.242280285035629,0.0831353919239905,0.0308788598574822,0.0118764845605701,0.0332541567695962,0.0285035629453682,0.0142517814726841,0.0190023752969121,0.0118764845605701,0.00712589073634204,0.00950118764845606,0.00237529691211401,0.00237529691211401,0.00475059382422803,0.00237529691211401,0,0.00237529691211401,0,0,0,0,0,0,0,0,0,0,0,0,0,0
0,0,0,0,0,0,0,0,0,0,0,0,0,0,0,0,0,0,0,0,0,0,0,0.0025974025974026,0,0,0,0,0,0,0,0,0,0,0,0.0025974025974026,0,0.0025974025974026,0,0.0103896103896104,0,0.0025974025974026,0,0.00519480519480519,0.0025974025974026,0.00779220779220779,0.0025974025974026,0.00779220779220779,0.0025974025974026,0.00519480519480519,0.0103896103896104,0.0025974025974026,0.012987012987013,0.0103896103896104,0.0025974025974026,0.012987012987013,0.00779220779220779,0.0025974025974026,0.00779220779220779,0.00519480519480519,0.0103896103896104,0.0181818181818182,0.012987012987013,0.025974025974026,0.0181818181818182,0.0363636363636364,0.0233766233766234,0.0207792207792208,0.109090909090909,0.277922077922078,0.122077922077922,0.0597402597402597,0.0181818181818182,0.0285714285714286,0.0233766233766234,0,0.0155844155844156,0.0155844155844156,0.00779220779220779,0.00519480519480519,0.00519480519480519,0.00779220779220779,0.00519480519480519,0,0,0,0,0.0025974025974026,0,0,0,0,0,0,0,0,0,0,0
0,0,0,0,0,0,0,0,0,0,0,0,0,0,0,0,0,0,0,0,0,0.00244498777506112,0,0,0,0,0,0,0,0,0,0.00244498777506112,0,0,0,0.00244498777506112,0,0,0.00488997555012225,0.00488997555012225,0.00244498777506112,0,0,0.00488997555012225,0,0.00733496332518337,0.00244498777506112,0.00733496332518337,0.00244498777506112,0.00244498777506112,0.0097799511002445,0.0097799511002445,0.0122249388753056,0.00733496332518337,0.0097799511002445,0.0171149144254279,0.0146699266503667,0.00733496332518337,0.00733496332518337,0.0220048899755501,0.0171149144254279,0.0122249388753056,0.0171149144254279,0.0317848410757946,0.0366748166259169,0.019559902200489,0.0268948655256724,0.0293398533007335,0.0488997555012225,0.114914425427873,0.232273838630807,0.100244498777506,0.0562347188264059,0.0317848410757946,0.0097799511002445,0.0122249388753056,0.0122249388753056,0.00733496332518337,0.00488997555012225,0.00488997555012225,0.00488997555012225,0,0,0.00244498777506112,0,0,0,0,0.00244498777506112,0,0,0,0,0,0,0,0,0,0
0,0,0,0,0,0,0,0,0,0,0,0,0,0,0,0,0,0,0,0,0,0,0,0,0,0,0,0,0,0.0028328611898017,0.0056657223796034,0.0028328611898017,0.0028328611898017,0,0,0,0,0.0028328611898017,0,0.0056657223796034,0,0,0.0113314447592068,0.0056657223796034,0.0113314447592068,0.0084985835694051,0.0056657223796034,0.0028328611898017,0.0084985835694051,0.0028328611898017,0,0.0084985835694051,0.0113314447592068,0.0084985835694051,0.0056657223796034,0.0056657223796034,0.0084985835694051,0.0141643059490085,0.0169971671388102,0.0084985835694051,0.0056657223796034,0.0084985835694051,0.0084985835694051,0.0254957507082153,0.0198300283286119,0.0113314447592068,0,0.0339943342776204,0.0339943342776204,0.0424929178470255,0.15014164305949,0.243626062322946,0.084985835694051,0.0623229461756374,0.0339943342776204,0.0198300283286119,0.0084985835694051,0.0169971671388102,0.0056657223796034,0.0084985835694051,0,0,0,0,0.0028328611898017,0,0.0056657223796034,0,0,0,0,0,0,0,0,0,0,0,0
0,0,0,0,0,0,0,0,0,0,0,0,0,0,0,0,0,0,0,0,0,0,0,0,0,0.00292397660818713,0,0,0,0,0,0,0,0,0.00584795321637427,0,0,0.00292397660818713,0,0,0.00292397660818713,0,0.00292397660818713,0.00292397660818713,0.00584795321637427,0,0,0,0.00292397660818713,0.00584795321637427,0.00292397660818713,0.00292397660818713,0,0.00584795321637427,0.00292397660818713,0.00584795321637427,0.0146198830409357,0.0175438596491228,0.00292397660818713,0.00584795321637427,0.00584795321637427,0.0146198830409357,0.0116959064327485,0.0321637426900585,0.0087719298245614,0.0146198830409357,0.0292397660818713,0.0233918128654971,0.0204678362573099,0.0263157894736842,0.043859649122807,0.166666666666667,0.248538011695906,0.108187134502924,0.0380116959064327,0.0380116959064327,0.0292397660818713,0.0233918128654971,0.0087719298245614,0.0087719298245614,0,0,0,0,0,0,0.00292397660818713,0,0,0,0,0,0,0,0,0,0,0,0
0,0,0,0,0,0,0,0,0,0,0,0,0,0,0,0,0,0,0.00335570469798658,0,0,0,0,0,0,0,0,0,0,0,0,0,0,0,0.00335570469798658,0,0,0.00335570469798658,0,0.00335570469798658,0,0,0,0,0,0.00335570469798658,0,0.00335570469798658,0.00335570469798658,0.00335570469798658,0.0100671140939597,0.0134228187919463,0.00671140939597315,0,0.00671140939597315,0.00671140939597315,0.00335570469798658,0.00671140939597315,0.0167785234899329,0.0134228187919463,0.00335570469798658,0.0134228187919463,0.0201342281879195,0.0100671140939597,0.0167785234899329,0.0302013422818792,0.0100671140939597,0.023489932885906,0.023489932885906,0.0302013422818792,0.0335570469798658,0.0503355704697987,0.114093959731544,0.268456375838926,0.0939597315436242,0.0536912751677852,0.0201342281879195,0.0369127516778524,0.00335570469798658,0.00335570469798658,0,0.0134228187919463,0.00335570469798658,0.0100671140939597,0,0,0.00335570469798658,0,0,0,0,0,0,0,0,0,0,0,0
0,0,0,0,0,0,0,0,0,0,0,0,0,0,0,0,0,0,0,0,0,0,0,0,0,0,0,0,0,0,0,0,0,0,0,0.00306748466257669,0,0.00306748466257669,0,0.00306748466257669,0.00306748466257669,0,0,0,0,0.00613496932515337,0,0.00613496932515337,0,0.00613496932515337,0,0.00920245398773006,0.00613496932515337,0.00920245398773006,0.00306748466257669,0.00920245398773006,0.00306748466257669,0.00306748466257669,0.00613496932515337,0.00613496932515337,0.00306748466257669,0.0122699386503067,0.00920245398773006,0.00920245398773006,0.0214723926380368,0.0122699386503067,0.00613496932515337,0.0184049079754601,0.0214723926380368,0.0398773006134969,0.0337423312883436,0.0337423312883436,0.0644171779141104,0.156441717791411,0.239263803680982,0.0705521472392638,0.0521472392638037,0.0276073619631902,0.0276073619631902,0.00920245398773006,0.0184049079754601,0.0122699386503067,0.00613496932515337,0.00613496932515337,0.00306748466257669,0,0,0,0,0,0,0,0,0,0,0,0,0,0
0,0,0,0,0,0,0,0,0,0,0,0,0,0,0,0,0,0,0,0,0,0,0,0,0,0,0,0,0,0,0,0,0,0,0,0,0,0,0.00337837837837838,0.00337837837837838,0,0,0.00675675675675676,0,0.00337837837837838,0,0,0,0.00337837837837838,0.00337837837837838,0,0,0.00337837837837838,0,0.00675675675675676,0,0.0101351351351351,0.0101351351351351,0.0135135135135135,0.0101351351351351,0.00675675675675676,0.0236486486486486,0,0.0168918918918919,0.00337837837837838,0.0101351351351351,0.0236486486486486,0.027027027027027,0.0202702702702703,0.0135135135135135,0.0236486486486486,0.0168918918918919,0.0202702702702703,0.0709459459459459,0.209459459459459,0.283783783783784,0.0675675675675676,0.0304054054054054,0.0304054054054054,0.00337837837837838,0.0101351351351351,0.00337837837837838,0.00337837837837838,0,0,0,0,0,0.00337837837837838,0,0,0,0,0,0,0,0,0,0
0,0,0,0,0,0,0,0,0,0,0,0,0,0,0,0,0,0,0,0,0,0,0,0,0,0,0,0,0,0,0,0,0,0.0036231884057971,0,0,0.0036231884057971,0.0036231884057971,0,0,0,0,0.0036231884057971,0,0,0.0036231884057971,0,0.0036231884057971,0.0036231884057971,0.0036231884057971,0.0072463768115942,0.0072463768115942,0,0.0108695652173913,0.0036231884057971,0.0036231884057971,0.0036231884057971,0.0144927536231884,0.0217391304347826,0.0072463768115942,0.0036231884057971,0.0036231884057971,0.0072463768115942,0.0072463768115942,0.0036231884057971,0.0144927536231884,0.0072463768115942,0.0289855072463768,0.0217391304347826,0.0144927536231884,0.0217391304347826,0.0144927536231884,0.0181159420289855,0.0253623188405797,0.0471014492753623,0.199275362318841,0.278985507246377,0.0579710144927536,0.0398550724637681,0.036231884057971,0.0144927536231884,0.0072463768115942,0,0.0072463768115942,0,0.0072463768115942,0.0036231884057971,0,0,0,0,0,0,0,0,0,0,0,0
0,0,0,0,0,0,0,0,0,0,0,0,0,0,0,0,0,0,0,0,0,0,0,0,0,0,0,0,0,0,0.004,0,0,0.004,0,0,0,0,0.004,0,0,0.004,0,0,0,0,0,0,0,0.004,0.008,0.012,0.008,0,0.004,0.004,0.004,0.012,0.008,0.008,0,0.012,0.004,0.004,0.004,0.008,0.012,0,0.008,0.012,0.02,0.044,0.028,0.032,0.032,0.06,0.264,0.228,0.064,0.028,0.028,0.012,0,0,0.004,0,0.004,0,0,0,0,0,0,0,0,0,0,0,0
0,0,0,0,0,0,0,0,0,0,0,0,0,0,0,0,0,0,0,0,0.00467289719626168,0,0,0,0,0,0,0,0,0,0,0,0,0,0,0,0,0,0,0,0,0,0,0,0,0,0,0,0,0,0,0,0.00467289719626168,0.00467289719626168,0.00467289719626168,0.00467289719626168,0,0.014018691588785,0.014018691588785,0,0.00467289719626168,0.00467289719626168,0.00467289719626168,0.00467289719626168,0.00467289719626168,0.00467289719626168,0.00934579439252336,0.00467289719626168,0.014018691588785,0.0233644859813084,0.014018691588785,0.0280373831775701,0.00934579439252336,0.0327102803738318,0.0467289719626168,0.0654205607476635,0.0514018691588785,0.299065420560748,0.214953271028037,0.0420560747663551,0.014018691588785,0.00934579439252336,0.00934579439252336,0.0233644859813084,0,0,0.00934579439252336,0,0,0,0,0,0,0,0,0,0,0,0
0,0,0,0,0,0,0,0,0,0,0,0,0,0,0,0,0,0,0,0,0,0,0,0,0,0,0,0,0,0,0,0,0,0,0,0,0.00649350649350649,0,0,0,0,0,0.00649350649350649,0,0.00649350649350649,0,0,0.00649350649350649,0,0,0.00649350649350649,0,0.00649350649350649,0,0.00649350649350649,0,0,0.00649350649350649,0.012987012987013,0.00649350649350649,0.00649350649350649,0.00649350649350649,0.0194805194805195,0,0.012987012987013,0.00649350649350649,0.012987012987013,0.0324675324675325,0.012987012987013,0.00649350649350649,0.012987012987013,0.025974025974026,0.012987012987013,0.012987012987013,0.0454545454545455,0.051948051948052,0.0324675324675325,0.116883116883117,0.233766233766234,0.136363636363636,0.0454545454545455,0.038961038961039,0.00649350649350649,0.00649350649350649,0.012987012987013,0,0.00649350649350649,0,0,0,0,0,0,0.00649350649350649,0.00649350649350649,0,0,0,0
0,0,0,0,0,0,0,0,0,0,0,0,0,0,0,0,0,0,0,0,0,0,0,0,0,0,0,0,0,0,0,0,0.0126582278481013,0,0,0,0,0,0,0,0,0,0,0,0,0,0,0,0,0,0,0,0.0126582278481013,0,0,0,0,0,0.0126582278481013,0,0.0126582278481013,0,0.0126582278481013,0.0126582278481013,0.0126582278481013,0,0,0.0253164556962025,0.0253164556962025,0.0253164556962025,0.0126582278481013,0.0126582278481013,0.0126582278481013,0.0126582278481013,0.0253164556962025,0.0886075949367089,0.0379746835443038,0.0632911392405063,0.0886075949367089,0.215189873417722,0.151898734177215,0.0379746835443038,0.0379746835443038,0,0.0126582278481013,0,0,0,0.0126582278481013,0.0126582278481013,0,0,0,0,0,0,0,0,0
0,0,0,0,0,0,0,0,0,0,0,0,0,0,0,0,0,0,0,0,0,0,0,0.0140845070422535,0,0,0,0,0,0,0,0,0,0,0,0,0,0,0,0,0,0,0.0140845070422535,0,0,0,0,0,0,0,0,0.0140845070422535,0,0,0,0,0,0.028169014084507,0,0,0,0,0.028169014084507,0.0140845070422535,0.0140845070422535,0.028169014084507,0.0140845070422535,0.0140845070422535,0,0,0.0140845070422535,0.0140845070422535,0,0.0422535211267606,0.0563380281690141,0.0422535211267606,0.0140845070422535,0.0422535211267606,0.112676056338028,0.0845070422535211,0.211267605633803,0.0563380281690141,0.0422535211267606,0,0.0422535211267606,0,0.0140845070422535,0,0,0.0140845070422535,0.0140845070422535,0,0,0,0,0,0,0,0
0,0,0,0,0,0,0,0,0,0,0,0,0,0,0,0,0,0,0,0,0,0,0,0,0,0,0,0,0,0,0,0,0,0,0,0,0,0,0,0,0,0,0,0,0,0,0,0,0,0,0.0256410256410256,0,0,0,0,0,0,0,0.0512820512820513,0,0,0,0,0.0512820512820513,0,0,0.0256410256410256,0,0.0256410256410256,0.0256410256410256,0.0256410256410256,0.0512820512820513,0.0256410256410256,0.0256410256410256,0.0769230769230769,0.0512820512820513,0.0512820512820513,0.0769230769230769,0.0256410256410256,0.102564102564103,0.0256410256410256,0.102564102564103,0.0256410256410256,0.0512820512820513,0.0512820512820513,0,0,0,0.0256410256410256,0,0,0,0,0,0,0,0,0,0
0,0,0,0,0,0,0,0,0,0,0,0,0,0,0,0,0,0,0,0,0,0,0,0,0,0,0,0,0,0,0,0,0,0,0,0,0,0,0,0,0,0,0,0,0,0,0.0384615384615385,0,0.0384615384615385,0,0,0,0.0384615384615385,0.0384615384615385,0,0,0,0,0,0,0,0,0,0.0384615384615385,0,0,0,0,0.115384615384615,0.0384615384615385,0.0384615384615385,0.0384615384615385,0.0384615384615385,0.0769230769230769,0.0384615384615385,0,0,0.0769230769230769,0.153846153846154,0.0769230769230769,0,0.0769230769230769,0,0,0,0,0,0.0384615384615385,0,0,0,0,0,0,0,0,0,0,0
0,0,0,0,0,0,0,0,0,0,0,0,0,0,0,0,0,0,0,0,0,0,0,0,0,0,0,0,0,0,0,0,0,0,0,0,0,0.0333333333333333,0,0,0,0,0,0,0,0.0333333333333333,0,0,0,0,0,0,0,0.0333333333333333,0,0,0,0,0,0.0333333333333333,0,0,0,0,0,0,0.0666666666666667,0.0333333333333333,0.0333333333333333,0.0333333333333333,0.0333333333333333,0,0.0333333333333333,0.0333333333333333,0.0333333333333333,0,0.0666666666666667,0,0.0333333333333333,0,0.0666666666666667,0.0333333333333333,0.133333333333333,0.0333333333333333,0.0333333333333333,0.0333333333333333,0.1,0,0,0,0.0333333333333333,0,0,0,0,0,0,0,0
0,0,0,0,0,0,0,0,0,0,0,0,0,0,0,0,0,0,0,0,0,0,0,0,0,0,0,0,0,0,0,0,0,0,0,0,0,0,0,0,0,0,0,0,0,0,0,0,0,0.0769230769230769,0,0,0,0,0,0,0,0,0,0,0,0,0,0,0,0,0.0769230769230769,0.153846153846154,0,0,0.0769230769230769,0,0,0,0,0,0,0,0,0.0769230769230769,0.0769230769230769,0,0.153846153846154,0.153846153846154,0,0.0769230769230769,0.0769230769230769,0,0,0,0,0,0,0,0,0,0,0,0
0,0,0,0,0,0,0,0,0,0,0,0,0,0,0,0,0,0,0,0,0,0,0,0,0,0,0,0,0,0,0,0,0,0,0,0,0,0,0,0,0,0,0,0,0,0,0,0,0,0,0,0,0,0.333333333333333,0,0,0,0,0,0,0,0,0,0,0,0,0,0,0,0,0,0,0.333333333333333,0,0,0,0,0,0,0,0,0,0,0.333333333333333,0,0,0,0,0,0,0,0,0,0,0,0,0,0,0
0,0,0,0,0,0,0,0,0,0,0,0,0,0,0,0,0,0,0,0,0,0,0,0,0,0,0,0,0,0,0,0,0,0,0,0,0,0,0,0,0,0,0,0,0,0,0,0,0,0.117647058823529,0.0588235294117647,0,0,0,0,0,0,0,0,0,0,0,0,0,0.0588235294117647,0,0.0588235294117647,0,0,0,0.0588235294117647,0,0,0,0.176470588235294,0.0588235294117647,0,0,0,0,0,0,0.0588235294117647,0,0.117647058823529,0,0.0588235294117647,0.0588235294117647,0,0,0.0588235294117647,0,0,0,0,0.0588235294117647,0,0,0
0,0,0,0,0,0,0,0,0,0,0,0,0,0,0,0,0,0,0,0,0,0,0,0,0,0,0,0,0,0,0,0,0,0,0,0,0,0,0,0,0,0,0,0,0,0,0,0,0,0,0,0,0,0,0,0,0,0,0,0,0,0,0,0,0,0,0,0,0,0.25,0,0,0,0,0,0,0.25,0,0,0,0,0,0,0,0,0.25,0.25,0,0,0,0,0,0,0,0,0,0,0,0
0,0,0,0,0,0,0,0,0,0,0,0,0,0,0,0,0,0,0,0,0,0,0,0,0,0,0,0,0,0,0,0,0,0,0,0,0,0,0,0,0,0,0,0,0,0,0,0,0,0,0,0,0,0.25,0,0,0,0,0,0,0,0,0,0,0,0,0,0,0,0,0,0,0,0,0,0,0,0,0,0,0.5,0,0,0,0,0,0,0,0,0,0,0,0,0,0,0,0.25,0,0
0,0,0,0,0,0,0,0,0,0,0,0,0,0,0,0,0,0,0,0,0,0,0,0,0,0,0,0,0,0,0,0,0,0,0,0,0,0,0,0,0,0,0,0,0,0,0,0,0,0,0,0,0,0,0,0,0,0,0,0,0,0,0,0,0,0,0,0,0,0,0,0,0.5,0,0,0,0,0,0,0,0,0,0,0,0.5,0,0,0,0,0,0,0,0,0,0,0,0,0,0
0,0,0,0,0,0,0,0,0,0,0,0,0,0,0,0,0,0,0,0,0,0,0,0,0,0,0,0,0,0,0,0,0,0,0,0,0,0,0,0,0,0,0,0,0,0,0,0,0,0,0,0,0,0,0,0,0,0,0,0,0,0,0,0,0,0,0,0,0,0,0,0,0,0,0,0,0,0,1,0,0,0,0,0,0,0,0,0,0,0,0,0,0,0,0,0,0,0,0
0,0,0,0,0,0,0,0,0,0,0,0,0,0,0,0,0,0,0,0,0,0,0,0,0,0,0,0,0,0,0,0,0,0,0,0,0,0,0,0,0,0,0,0,0,0,0,0,0,0,0,0,0,0,0,0,0,0,0,0,0,0,0,0,0,0,0,1,0,0,0,0,0,0,0,0,0,0,0,0,0,0,0,0,0,0,0,0,0,0,0,0,0,0,0,0,0,0,0
0,0,0,0,0,0,0,0,0,0,0,0,0,0,0,0,0,0,0,0,0,0,0,0,0,0,0,0,0,0,0,0,0,0,0,0,0,0,0,0,0,0,0,0,0,0,0,0,0,0,0,0,0,0,0,0,0,0,0,1,0,0,0,0,0,0,0,0,0,0,0,0,0,0,0,0,0,0,0,0,0,0,0,0,0,0,0,0,0,0,0,0,0,0,0,0,0,0,0
0,0,0,0,0,0,0,0,0,0,0,0,0,0,0,0,0,0,0,0,0,0,0,0,0,0,0,0,0,0,0,0,0,0,0,0,0,0,0,0,0,0,0,0,0,0,0,0,0,0,0,0,0,0,0,0,0,0,0,0,0,0,0,0,0,0,1,0,0,0,0,0,0,0,0,0,0,0,0,0,0,0,0,0,0,0,0,0,0,0,0,0,0,0,0,0,0,0,0
0,0,0,0,0,0,0,0,0,0,0,0,0,0,0,0,0,0,0,0,0,0,0,0,0,0,0,0,0,0,0,0,0,0,0,0,0,0,0,0,0,0,0,0,0,0,0,0,0,0,0,0,0,0,0,0,0,0,0,0,0,0,0,0,0,0,0,0,0,0,0,0,0,0,0,0,0,0,0,0,0,0,0,0,0,0,0,0,0,0,0,0,0,0,0.5,0,0,0.5,0
0,0,0,0,0,0,0,0,0,0,0,0,0,0,0,0,0,0,0,0,0,0,0,0,0,0,0,0,0,0,0,0,0,0,0,0,0,0,0,0,0,0,0,0,0,0,0,0,0,0,0,0,0,0,0,0,0,0,0,0,0,0,0,0,0,0,0,0,0,0,0,0,1,0,0,0,0,0,0,0,0,0,0,0,0,0,0,0,0,0,0,0,0,0,0,0,0,0,0
0,0,0,0,0,0,0,0,0,0,0,0,0,0,0,0,0,0,0,0,0,0,0,0,0,0,0,0,0,0,0,0,0,0,0,0,0,0,0,0,0,0,0,0,0,0,0,0,0,0,0,0,0,0,0,0,0,0,0,0,0,0,0,0,0,0,0,0,0,0,0,0,0,0,0,0,0,0,0,0,0,0,0,0,0,0,0,0,0,0,0,0,0,0,0,0,0,0,1
0,0,0,0,0,0,0,0,0,0,0,0,0,0,0,0,0,0,0,0,0,0,0,0,0,0,0,0,0,0,0,0,0,0,0,0,0,0,0,0,0,0,0,0,0,0,0,0,0,0,0,0,0,0,0,0,0,0,0,0,0,0,0,0,0,0,0,0,0,0,0,0,0,0,0,0,0,0,0,0,0,0,0,1,0,0,0,0,0,0,0,0,0,0,0,0,0,0,0
0,0,0,0,0,0,0,0,0,0,0,0,0,0,0,0,0,0,0,0,0,0,0,0,0,0,0,0,0,0,0,0,0,0,0,0,0,0,0,0,0,0,0,0,0,0,0,0,0,0,0,0,0,0,0,0,0,0,0,0,0,0,0,0,0,0,0,0,0,0,0,0,0,0,0,0,0,0,0,0,0,0,0,0,1,0,0,0,0,0,0,0,0,0,0,0,0,0,0
